index,#,,@Username,Country,Topics,Followers,Engagement Rate
0,1,,saadlamjarred@saadlamjarred1,Morocco,"Lifestyle
Singer",10.9M,1.90%
1,2,,Salma Rachid@salmarachid.official,Morocco,,7.6M,2.30%
2,3,,Ø±Ø¬Ø§Ø¡ Ø¨Ù„Ù…ÙŠØ±@rajaabelmir,Morocco,"Fashion
Humor
Celebrities
Technology
Animals & Pets",7.1M,3.30%
3,4,,Zouhair Bahaoui@zouhairbahaoui,Morocco,"Singer
Music",6.9M,1.50%
4,5,,Just Sul@justsul,Morocco,,6.2M,9.80%
5,6,,Insta.asma@asmalmnawar,Morocco,Singer,5.9M,0.50%
6,7,,Ibtissam Tiskat@ibtissamtiskatofficial,Morocco,Singer,5.6M,1.00%
7,8,,Leilahadioui ğŸ‡²ğŸ‡¦@leilahadioui,Morocco,"Modeling
Fashion
Lifestyle",5.6M,0.40%
8,9,,Rachid Allali@allalirachid,Morocco,Entertainment,5.4M,0.40%
9,10,,Ø¹Ù…Ø± Ø¨Ù„Ù…ÙŠØ± ğŸ¤@omarbelmir,Morocco,Modeling,5.2M,5.20%
10,11,,Safae Hbirkou@hbirkousafae_officiel,Morocco,Art,5.1M,2.90%
11,12,,HATIM AMMOR@hatimammor,Morocco,Singer,4.5M,0.30%
12,13,,Fati Jamali ÙØ§ØªÙŠ Ø¬Ù…Ø§Ù„ÙŠ@fatijamaliofficiel,Morocco,"Fashion
Modeling",4.3M,0.90%
13,14,,AMINUX@aminuxamine,Morocco,"Band
Technology
Photography",3.9M,0.40%
14,15,,Achraf Hakimi@achrafhakimi,Morocco,"Soccer
Journalists
Sports",3.6M,7.90%
15,16,,Oussama Ramzi _ Ø£Ø³Ø§Ù…Ø© Ø±Ù…Ø²ÙŠ@oussamaramzi1,Morocco,"Fashion
Gym
Modeling",3.4M,2.50%
16,17,,Meryem Asouab /Ù…Ø±ÙŠÙ… Ø§ØµÙˆØ§Ø¨@meryemasouab,Morocco,"Fashion
Modeling",3.4M,7.90%
17,18,,Sá—©á–´á—©á—© & á•¼á—©á˜‰á—©á—© ØµÙØ§Ø¡ Ùˆ Ù‡Ù†Ø§Ø¡@safaahanaa,Morocco,Singer,3.3M,0.50%
18,19,,Eko Artiste Officiel@ekoartiste,Morocco,Humor,3.1M,0.70%
19,20,,Lotfi Omar | Ø¹Ù…Ø± Ù„Ø·ÙÙŠ@lotfi_omar,Morocco,Actors,3M,2.30%
20,21,,Hichammasrar@hichammasrar1,Morocco,"Modeling
Fashion
Actors",3M,0.60%
21,22,,REDA EL WAHABI â€¢ Ø±Ø¶Ø§ Ø§Ù„ÙˆÙ‡Ø§Ø¨ÙŠ@reda_elwahabii,Morocco,"Modeling
Fashion",3M,16.90%
22,23,,Iman Elbani Yildirim@iman_elbani,Morocco,Modeling,3M,2.40%
23,24,,Nouamanbelaiachi@nouamanbelaiachi,Morocco,"Modeling
Actors
Fashion
Celebrities
Technology
Cars & Motorcycles",2.9M,1.20%
24,25,,RedOne@redone,Morocco,"Singer
Producers",2.8M,1.10%
25,26,,Ihab Amir@ihabamirofficiell,Morocco,"Singer
Music
Songwriting",2.8M,1.10%
26,27,,Badr Hari@badrhariofficial,Morocco,"Gym
Fitness
Coaching",2.7M,2.70%
27,28,,Momo Bousfiha@momoofficiel,Morocco,"Moms
Music",2.7M,0.60%
28,29,,Adil Taouil - Ø¹Ø§Ø¯Ù„ ØªØ§ÙˆÙŠÙ„@adiltaouil,Morocco,"Modeling
Photography
Fashion",2.7M,9.00%
29,30,,Simo Sedraty@simosedraty,Morocco,Fashion,2.6M,4.40%
30,31,,Hespress@hespress,Morocco,News&Politics,2.5M,0%
31,32,,Ø³Ø§Ø±Ø©@saraabujad,Morocco,"Modeling
Music
Singer",2.4M,2.50%
32,33,,R A W A A â€¢ B E A U T Y@rawaa_beauty,Morocco,"Lifestyle
Beauty
Fashion
Hair & Beauty
Celebrities",2.4M,2.10%
33,34,,CHOUFTV OFFICIAL@chouftv_official,Morocco,News&Politics,2.4M,0%
34,35,,Ihssane Benalluch@ihssanebenalluch,Morocco,"Fashion
Lifestyle
Celebrities
Technology
Hair & Beauty
Design",2.3M,3.90%
35,36,,Saida Charaf@saidacharaf__,Morocco,,2.3M,0.40%
36,37,,Taliss@taliss1,Morocco,Humor,2.3M,0.80%
37,38,,Ikram Bellanova@ikrambellanova_91,Morocco,"Video Blogger
Fashion
Lifestyle
Modeling",2.2M,2.80%
38,39,,Zouhair Zair | Ø²Ù‡ÙŠØ± Ø²Ø§Ø¦Ø±@zouhairzair,Morocco,Comedy,2.2M,3.20%
39,40,,Latifa Raafat@raafatlatifa,Morocco,,2M,1.20%
40,41,,Badr Soultan@badrsoultan,Morocco,"Soccer
Fashion
Lifestyle",1.8M,0.90%
41,42,,Zahrae Al Saher@zahrae_al_saher,Morocco,,1.8M,0.90%
42,43,,â‹†:  ğŸ€  ğ’¥ğ’¶ğ“‚ğ’¾ğ“ğ’¶ ğ¸ğ“ğ’·ğ’¶ğ’¹ğ’¶ğŸŒºğ“Šğ’¾  ğŸ€  :â‹†@jamila_elbadaoui,Morocco,Singer,1.8M,0.70%
43,44,,Muslim@muslimprodofficial,Morocco,Music,1.8M,1.30%
44,45,,Aboubakrziani@aboubakrziani,Morocco,Singer,1.8M,4.80%
45,46,,Chroukate Hamada@chroukate,Morocco,"Modeling
Actors
Fashion",1.8M,3.80%
46,47,,YouNess Officiel@younessofficiel,Morocco,,1.8M,0.70%
47,48,,Abu Azaitar@abuazaitar,Morocco,Sports,1.8M,1.30%
48,49,,Loubna Eljaouhari@loubnaeljr,Morocco,"Lifestyle
Sports
Modeling",1.8M,3.90%
49,50,,M a n a l   Ù…Ù†Ø§Ù„@manalbenchlikha,Morocco,"Music
Singer
Fashion",1.7M,5.60%
50,51,,Welovebuzz@welovebuzzar,Morocco,"Fashion
Gym
Modeling",1.7M,0.60%
51,52,,Sahar Seddiki@saharseddiki,Morocco,"Lifestyle
Sports",1.7M,0.60%
52,53,,Zakaria Ghafouli@zakariaghafouli,Morocco,Music,1.6M,0.30%
53,54,,Fayssal Vlog@fayssal_vlog,Morocco,"Soccer
Travel
Fashion",1.6M,5.40%
54,55,,Abir Berrani@abirberraniofficiel,Morocco,"Fashion
Art
Beauty",1.6M,0.90%
55,56,,Aymane Serhani@aymaneserhani,Morocco,"Lifestyle
Sports
Music",1.6M,3.90%
56,57,,ibtissamlaroussi1@ibtissamlaroussi1,Morocco,Journalists,1.6M,0.80%
57,58,,Essaqr Amal Officiel@essaqramal,Morocco,"Singer
Music
Actors",1.6M,0.50%
58,59,,Fnaire I ÙÙ†Ø§ÙŠØ± ğŸ‡²ğŸ‡¦@fnaire_official,Morocco,"Modeling
Fashion",1.6M,0.50%
59,60,,Dina Akesbi@dinaakesbi,Morocco,"Art
Beauty
Business
Hair & Beauty",1.6M,1.10%
60,61,,bryana holly@bryanaholly,Morocco,Celebrities,1.5M,1.70%
61,62,,Somadina_officiel ğŸ’@soma_officiel,Morocco,"Soccer
Fashion",1.5M,1.70%
62,63,,HIT RADIO@hitradioma,Morocco,"Music
Entertainment
Singer",1.5M,0%
63,64,,Rabii Skalli Officiel@rabii.skalli,Morocco,,1.5M,3.80%
64,65,,â€SOFIA CHARAF â­ï¸ ØµÙˆÙÙŠØ§ Ø´Ø±Ù@sofiacharafofficiel,Morocco,"Fashion
Lifestyle",1.5M,2.70%
65,66,,ğ— ğ—¢ğ—›ğ—”ğ— ğ—˜ğ—— ğ—•ğ—”ğ—¦ğ—¦ğ—¢ğ—¨ - Ù…Ø­Ù…Ø¯ Ø¨Ø§Ø³Ùˆ@bassou_mohammed,Morocco,"Actors
Modeling",1.5M,2.60%
66,67,,Raja Club Athletic@rcaofficiel,Morocco,"Soccer
Training
Sports",1.4M,1.60%
67,68,,mariahnadim - Ù…Ø§Ø±ÙŠØ§ Ù†Ø§Ø¯ÙŠÙ…@mariahnadim,Morocco,"Fashion
Singer
Celebrities",1.4M,2.30%
68,69,,Walid Azaro@walidazaro_official_21,Morocco,,1.4M,4.20%
69,70,,Ø§Ù„Ø§Ù†Ø³ØªØºØ±Ø§Ù… Ø§Ù„Ø±Ø³Ù…ÙŠ Ù„ÙƒÙˆØ«Ø± Ø¨Ø±Ø§Ù†ÙŠ@kaoutarberrani,Morocco,"Fashion
Modeling
Music",1.4M,1.10%
70,71,,áµ€ á´¬ á´´ á´¬    á´±  Ë¢  Ë¢ á´¼ áµ@tahaessou,Morocco,"Lifestyle
Fashion
Modeling",1.4M,10.30%
71,72,,Rabab Azmani@rababazmani,Morocco,"Moms
Modeling
Fashion",1.3M,0.70%
72,73,,DON BIGG@donbiggofficial,Morocco,"Music
Producers
Singer",1.3M,3.60%
73,74,,ZOUBER@ezzoubairhilal,Morocco,Coaching,1.3M,13.60%
74,75,,Ahlamzaimiofficiel Ø§Ø­Ù„Ø§Ù…@ahlamzaimiofficiel,Morocco,"Lifestyle
Sports
Modeling",1.2M,1.00%
75,76,,ğŸ€â­ L E  I L A / D I S S A Y â­ğŸ€@leila_dissay,Morocco,Plus Size,1.2M,0.60%
76,77,,Fatima Zahra El Ibrahimi@fatima_zahra_el_ibrahimi,Morocco,"Fashion
Modeling
Lifestyle",1.2M,1.20%
77,78,,"TOTO, ouallah c'est moi. ğŸ¤˜ğŸ¼@elgrandetoto",Morocco,Music,1.2M,6.60%
78,79,,Ù…ØºØ±Ø¨ÙŠØ© Ø­Ø±Ø©@maghrebia_hora,Morocco,,1.2M,0.70%
79,80,,Asmaa Beauty@asmaabeautychannel,Morocco,"Art
Beauty
Fashion",1.2M,1.70%
80,81,,Lartiste@thereallartiste,Morocco,Music,1.1M,1.70%
81,82,,Hijab Fashion Inspiration@hijab_fashioninspiration,Morocco,"Fashion
Styling
Lifestyle",1.1M,0%
82,83,,Salim Hammoumi ğŸ‡²ğŸ‡¦@salimhammoumii,Morocco,"Fashion
Actors
Modeling",1.1M,7.40%
83,84,,L7or Officiel@l7or75,Morocco,"Modeling
Singer
Music",1.1M,6.80%
84,85,,Redouan Zarghil@redouanzarghil,Morocco,,1.1M,0.40%
85,86,,Hijabfashion@hijabmuslim,Morocco,,1M,0.20%
86,87,,Lalla Laarossa â€Ù„Ø§Ù„Ø© Ù„Ø¹Ø±ÙˆØ³Ø©@lalla_laarossaa,Morocco,,1M,0.30%
87,88,,yosra saouf ğŸ‡²ğŸ‡¦@yosra_saouff,Morocco,"Fashion
Modeling
Lifestyle",1M,0.70%
88,89,,HIJAB MODERN@hijabmodern.fh,Morocco,"Art
Beauty
Business
Celebrities
Hair & Beauty
Fashion",1M,0.20%
89,90,,Lbenj | Ø§Ù„Ø¨Ù†Ø¬@lbenjofficial,Morocco,"Music
Modeling",1M,3.00%
90,91,,Amine Harit@a.harit14,Morocco,Soccer,1M,4.10%
91,92,,Ikram âšª Ø¥ÙƒØ±Ø§Ù…@ikramelgat,Morocco,"Fashion
Lifestyle
Styling",1M,2.30%
92,93,,Zeineb Laouni@zeibeauty,Morocco,"Lifestyle
Fashion
Beauty
Celebrities",1M,1.70%
93,94,,Mohammad Reda Ù…Ø­Ù…Ø¯ Ø±Ø¶Ø§@mohamedredaofficiel,Morocco,"Fashion
Lifestyle
Modeling",0.9M,0.20%
94,95,,Dizzy DROS@mr_cazafonia,Morocco,"Singer
Modeling",0.9M,11.70%
95,96,,Laila Aziz@lailaazizofficial,Morocco,"Fashion
Lifestyle
Styling",0.9M,1.20%
96,97,,AMINE RADI@radi_amine,Morocco,"Lifestyle
Fashion
Sports
Technology
Celebrities",0.9M,3.40%
97,98,,Ø­Ù„ÙŠÙˆØ© / 7liwa@7liwa,Morocco,"Modeling
Music",0.9M,3.70%
98,99,,Youssef Belhadj ğŸ“¸@youzarrofficial,Morocco,Fitness,0.9M,1.60%
99,100,,Ø¹ÙˆÙŠØ´Ø© Ø§Ù„Ø¯Ø±ÙŠÙˆÙŠØ´Ø© ğŸ˜‡ ØµÙØ­Ø© Ù…Ù†ÙˆØ¹Ø© ğŸ“º@lalla_3wicha_dwiiba,Morocco,,889K,0.10%
0,101,,Rajoua Es-Sahely-Ø±Ø¬ÙˆÙ‰ Ø§Ù„Ø³Ø§Ù‡Ù„ÙŠ@rajoua.officiel,Morocco,Beauty,872.7K,0.20%
1,102,,Asmaeamrani Ø§Ø³Ù…Ø§Ø¡ Ø¹Ù…Ø±Ø§Ù†ÙŠ@asmaeamraniofficiel,Morocco,"Beauty
Art
Lifestyle",869.9K,0.60%
2,103,,ï¸Ù…Ø¬Ù„Ø© Ù…Ø´Ø§Ù‡ÙŠØ± Ø§Ù„Ù…ØºØ±Ø¨  ï¸ ï¸ï¸@et_maroc.officiel,Morocco,,861.9K,0.30%
3,104,,SalimCravatağŸ‡²ğŸ‡¦@cravataofficiel,Morocco,"Modeling
Music",851.5K,2.70%
4,105,,QUEEN A@ablasofy,Morocco,"Modeling
Fashion",846.1K,1.40%
5,106,,Anas El Baz | Ø§Ù†Ø³ Ø§Ù„Ø¨Ø§Ø²â€@anaselbaz,Morocco,"Lifestyle
Photography
Sports",839.3K,1.30%
6,107,,â™ªâ™« ğ’¢ğ“‡ğ’¾ğ“ƒğ’¾ ğ’œğ“€ğ’¶ #Ù…Ø´Ø¹ÙƒÙƒ â™«â™ª@grini_f,Morocco,,833.4K,0.40%
7,108,,JÄ±had BenAlluch@jihadebenalluch,Morocco,"Fashion
Travel",825.6K,2.10%
8,109,,Ottman Azaitar@ottmanazaitar,Morocco,Sports,811.5K,2.50%
9,110,,Fadoua Taleb@fadoua.taleb,Morocco,"Lifestyle
Fashion",776.9K,1.60%
10,111,,ğŸ‡²ğŸ‡¦Ø±Ø¬Ø§Ø¡ Ø¨Ù„Ù…ÙŠØ±ğŸ‘«Ø¹Ù…Ø± Ø¨Ù„Ù…ÙŠØ±ğŸ‡²ğŸ‡¦@belmirs_officiele,Morocco,,770.4K,0%
11,112,,Miryam Labiad@mimialeblanc,Morocco,"Fashion
Lifestyle
Modeling
Celebrities
Design",770.1K,0.60%
12,113,,Abdelilah Rachid@abdelilah.rachid,Morocco,Actors,765.8K,1.00%
13,114,,Hassan GonzaLez@gonzalez.officiel,Morocco,,761.1K,7.50%
14,115,,maroc@starsmaroc,Morocco,,742.3K,0.30%
15,116,,Welovebuzz@welovebuzz,Morocco,"Lifestyle
Fashion",741K,0.60%
16,117,,Jamal Alpha@jamal_alpha,Morocco,,738.6K,3.90%
17,118,,TiiwTiiw@tiiwtiiwofficiel,Morocco,"Lifestyle
Music",720.1K,2.40%
18,119,,Issam Attaf | Ø¹ØµØ§Ù… Ø¹Ø·Ø§Ù@issam_attaf_offciel,Morocco,Photography,714.9K,0%
19,120,,Safaa Channel@safaachannelofficiel,Morocco,"Art
Modeling
Beauty",709.5K,3.60%
20,121,,Abdellah Abujad@abdellahabujad,Morocco,Fitness,691.9K,1.90%
21,122,,â¤Ø±Ø¬Ø§Ø¡ Ø¨Ù„Ù…ÙŠØ± /Ø¹Ù…Ø± Ø¨Ù„Ù…ÙŠØ± â¤@belmirs2,Morocco,,685.3K,0.50%
22,123,,samiağŸŒœ@sauf.etc,Morocco,"Actors
Fashion
Lifestyle",684.7K,3.10%
23,124,,chahrazad akroud@chahrazadakroudofficial,Morocco,,683K,1.20%
24,125,,BouchraddeauofficielğŸ‡²ğŸ‡¦@bouchradeauofficiel,Morocco,,677K,0.40%
25,126,,Chorouk #MissArabWorldğŸ‘‘â¤ğŸ‘„@choroukchelouatiofficiel,Morocco,"Fashion
Modeling",669.1K,0.90%
26,127,,MeryemZaÃ¯miOfficiel@meryemzaimiofficiel,Morocco,"Lifestyle
Fashion
Modeling",644.7K,2.60%
27,128,,Kzm@kazemchamas_official,Morocco,"Actors
Modeling
Fashion
Nature & Outdoors
Travel
Film, Music & Books
Photography
Architecture",636.2K,1.60%
28,129,,Arryadia@arryadiatv,Morocco,"TV Channel
Sports
Fitness",633.5K,0.10%
29,130,,ğŸŒ¸ï·½ğŸŒ¸@hijabiselegant,Morocco,,630.4K,0.10%
30,131,,Huda Chay - Ù‡Ø¯Ù‰ Ø´Ø§ÙŠ@hudachay,Morocco,"Fashion
Lifestyle",628.4K,0.70%
31,132,,Foulane Mehdi@foulaneelmehdi,Morocco,,625.4K,1.80%
32,133,,I S S A M  K A M A L@issamkamalofficial,Morocco,"Music
Lifestyle
Actors",613.2K,0.10%
33,134,,SALWA ANLOUF ğŸ‘‘ Ø³Ù„ÙˆÙ‰ Ø£Ù†Ù„ÙˆÙ@salwaanlouff,Morocco,"Fashion
Lifestyle",607.4K,8.10%
34,135,,Bouba Câ€™est Mon Nom De Famille@youssefbouba,Morocco,Actors,606.3K,4.20%
35,136,,Tattoos Inspiration & Ideas@ink.tatts,Morocco,"Art
Piercing
Celebrities
Hair & Beauty
Fashion",602.4K,0.40%
36,137,,VÎ›N \ ÙÙ‘Ø§Ù† ğŸ‡²ğŸ‡¦@djvan_bk,Morocco,"Music
Singer
Entertainment",601.8K,0%
37,138,,Kamar Saadaoui@hamaka_officiel,Morocco,"Fashion
Lifestyle
Modeling",596K,1.50%
38,139,,munir Mohamedi@muny1,Morocco,Soccer,595.8K,2.20%
39,140,,Mister You@mryouofficial,Morocco,,586.2K,6.50%
40,141,,ğŸŒ¸ Hindziadi - Ù‡Ù†Ø¯ Ø²ÙŠØ§Ø¯ÙŠ  ğŸŒ¸@hindziadi,Morocco,,585K,5.60%
41,142,,Ø±Ø¶ÙˆØ§Ù† Ø¨Ø±Ø­ÙŠÙ„ - REDONE BERHIL@redoneberhil,Morocco,,584.5K,0.60%
42,143,,Zinab Oussama / Ø²ÙŠÙ†Ø¨ Ø£Ø³Ø§Ù…Ø©@zinaboussama01,Morocco,,580.7K,0.30%
43,144,,Farah Abelhadj@farah.farabian,Morocco,"Lifestyle
Fashion",577K,0.70%
44,145,,Ù…Ø³Ù„Ø³Ù„ Ø­Ø¨ Ø£Ø¹Ù…Ù‰ â¤ï¸@lo_ovee,Morocco,,570.9K,0.80%
45,146,,Sonia Ngadi@soniangadi,Morocco,"Lifestyle
Fashion",569.5K,0.90%
46,147,,Ahlam charaf eddine@ahlamcharafeddine,Morocco,"Moms
Fashion",565.9K,0.40%
47,148,,Sortir Au Maroc@sortiraumaroc,Morocco,"Lifestyle
Sports
Fashion",561.7K,0%
48,149,,K H A O U L A / Ø®ÙˆÙ„Ø©  Ø¹Ù„ÙˆÙŠğŸ‡²ğŸ‡¦@khaoulaalaouii_1,Morocco,,556.5K,0.40%
49,150,,ğŸ’Ø§Ù„Ø¥Ø®ÙˆØ© ğŸ‘« Ø¹Ù„ÙŠ Ùˆ Ù…Ø±ÙŠÙ… Ø§Ù„Ø²Ø§ÙŠØ¯ÙŠ@alii_ezzaidi1,Morocco,,551.4K,7.90%
50,151,,Fadwa  Fakhari ğŸ’„@fadwa.fakhari,Morocco,"Fashion
Lifestyle",547.8K,4.30%
51,152,,Call me Rita or Ø§Ù… Ø§Ù„ØºÙŠØ« ğŸºâœ¨ğŸ‘‘@wolfie_bby,Morocco,"Fashion
Modeling
Actors",544.9K,7.30%
52,153,,Hend Star Official@hendstarofficial,Morocco,"Fashion
Modeling",543.8K,0.80%
53,154,,ğ€ğ²ğ¨ğ®ğ› ğˆğğ«ğ¢ ğğŸğŸğ¢ğœğ¢ğğ¥@ayoubidri,Morocco,,543.1K,4.70%
54,155,,LIOMET SARL@liomet_boutique,Morocco,"Modeling
Fashion",542.9K,0%
55,156,,Mehdi Bennani@mehdibennani_25,Morocco,,536.9K,0.20%
56,157,,Somadina_officielï¸ğŸ’@dina__officiel,Morocco,"Soccer
Music",535K,1.40%
57,158,,Ù‡Ù†Ø¯ Ø§Ù„Ù…ÙƒØ§ÙˆÙŠ@hindelmekaoui,Morocco,"Art
Beauty
Events",530.6K,0.70%
58,159,,Maya Dbaich Officiel@maya_dbaich_officiel,Morocco,"Dance
Choreographer
Modeling",526.5K,1.80%
59,160,,S H I E M A E  ğŸ‘‘  Ø´ÙŠÙ…Ø§Ø¡@shiemae_,Morocco,,525.8K,0%
60,161,,Ø®ÙŠØ§Ø·Ø© Ø§Ù„Ø±Ù†Ø¯Ø© Ùˆ Ø§Ù„Ø·Ø±Ø² ÙˆØ§Ù„ØªÙ†Ø¨Ø§Øª@randa__tarz_,Morocco,"Coaching
Fitness",524.3K,0.10%
61,162,,Elbotola : Ø§Ù„Ø¨Ø·ÙˆÙ„Ø©@elbotola,Morocco,Soccer,519.4K,0%
62,163,,Adil Echbiy ğŸ‡²ğŸ‡¦ Ø¹Ø§Ø¯Ù„ Ø¥Ø´Ø¨ÙŠ@echbiyadil,Morocco,,514.3K,1.10%
63,164,,Jamal Ben Saddik@jamalbensaddik,Morocco,Modeling,507.3K,5.10%
64,165,,Lamia Zaidi | Ù„Ù…ÙŠØ§Ø¡ Ø§Ù„Ø²Ø§ÙŠØ¯ÙŠ@lamiazaidi,Morocco,"Music
Singer
Modeling",505.8K,0.20%
65,166,,Y A S M E R i Z@yasmeriz,Morocco,,502.5K,0.90%
66,167,,Najat Aatabou - Ù†Ø¬Ø§Ø© Ø§Ø¹ØªØ§Ø¨Ùˆ@najataatabou1,Morocco,"Fashion
Lifestyle
Modeling",499.4K,0.60%
67,168,,Jordan Taylor Wright@taylorcutfilms,Morocco,"Photography
Modeling
Fashion",499.1K,0.80%
68,169,,ğŸ•¶âšªğŸ‘“ğŸ”´ğŸ•¶ğŸ”µBIENVENUEğŸ”µğŸ•¶ğŸ”´ğŸ‘“âšªğŸ•¶@reflex_optic_officiel,Morocco,,498.5K,0.70%
69,170,,Doc samad@doc_samad,Morocco,"Lifestyle
Fashion",496.7K,0.30%
70,171,,Reda El Maroufi@relm_27,Morocco,"Entrepreneur
Business",495.8K,1.90%
71,172,,Anouar Farhat@anouarfarhat,Morocco,"Music
Entertainment",490.4K,8.10%
72,173,,Khalid Sheriff@khalidsheriff,Morocco,"Fashion
Lifestyle
Modeling",490K,0.80%
73,174,,Amina Dehbi | Ø£Ù…ÙŠÙ†Ø© Ø§Ù„Ø°Ù‡Ø¨ÙŠ@amina.dehbi,Morocco,Video Blogger,488.7K,4.90%
74,175,,Romeo Couture Officiel@romeo_couture_officiel,Morocco,"Fashion
Fashion Design
Modeling",480.3K,0.20%
75,176,,MRT N1 AU ğŸ‡²ğŸ‡¦@moroccanraptrolls,Morocco,"Singer
Music
Entertainment",480.1K,1.30%
76,177,,Ali Ssamid Ø¹Ù„ÙŠ Ø§Ù„ØµØ§Ù…Ø¯@alissamid,Morocco,,477.8K,2.30%
77,178,,HAFSA@hafsael_,Morocco,"Beauty
Art
Business",474.9K,1.80%
78,179,,DJ Hamida@djhamidaofficiel,Morocco,"Lifestyle
Art
Music",469.6K,0.90%
79,180,,saadia ladib@ladibsaadiaofficiel,Morocco,Actors,468.5K,0.90%
80,181,,OULFA@oulfaxoul,Morocco,"Fashion
Beauty
Art",467K,5.20%
81,182,,ğ•¬ğ–’ğ–†ğ–‘ ğ•­ğ–Šğ–“ ğ•¸ğ–”ğ–ğ–†ğ–’ğ–Šğ–‰ ğŸ•Š Ø£Ù…Ù„ Ø¨Ù† Ù…Ø­Ù…Ø¯@amal_ben_muhamed,Morocco,Fashion,466.2K,2.30%
82,183,,Loubna 36 ğŸ¤ªğŸ¬@loubna_mourid,Morocco,"Fashion
Lifestyle
Styling",463.6K,1.90%
83,184,,Fashion & InstaBlogger@chaimaa_mab,Morocco,"Fashion
Modeling
Photography",462.2K,1.10%
84,185,,Åeyma Korkmaz/TuRuNCu@seymakorkmaz,Morocco,,460.3K,2.00%
85,186,,Samira EL BELOUI@s.elbeloui,Morocco,,458.6K,0.90%
86,187,,ğŸŒPAGE OF THE WORLDğŸŒ@les_couples_marocains1,Morocco,"Modeling
Fashion",457.8K,1.10%
87,188,,YASSINE JARRAM@jarramyassine,Morocco,"Fitness
Coaching
Training",457.5K,1.80%
88,189,,Titiza  ğŸš€ğŸ’…@titizaofficial,Morocco,,452.4K,1.40%
89,190,,Nisrin erradi@nisrin_erradi,Morocco,"Actors
Modeling
Film",448.7K,0.90%
90,191,,ğŸŒ¬Othman Quadry@othman_qr,Morocco,"Lifestyle
Fashion",446.6K,5.80%
91,192,,BibaØ­ÙAyach@bibaayachofficial,Morocco,"Modeling
Publishing
Fashion
Celebrities
Photography
Film, Music & Books",445.8K,1.00%
92,193,,Salma Douma ( Officiel )@salmadouma,Morocco,"Modeling
Fashion
Photography",445.5K,0.80%
93,194,,T-flow | ØªÙŠ ÙÙ„Ùˆ@tflowtheking,Morocco,,443.4K,4.00%
94,195,,Ã‰quipe Nationale Marocaine ğŸ‡²ğŸ‡¦@officielfrmf,Morocco,Soccer,441.5K,1.50%
95,196,,RAJA CLUB ATHLETIC ğŸ’š@trollrajamondial,Morocco,"Soccer
Coaching
Actors
Music",433.7K,2.30%
96,197,,Moroccan Officiel@moroccan_officiel,Morocco,News&Politics,432.6K,0.20%
97,198,,@wiamdahmani,Morocco,"Modeling
Fashion",432.6K,1.10%
98,199,,lamyae alahyane@lamyaealahyane,Morocco,"Fashion
Lifestyle",431.5K,2.70%
99,200,,AmericanShop By Hanan@americanshop_byhanan,Morocco,"Art
Beauty",426.3K,0%
0,201,,Fadwa El Bani@fadwaelbani,Morocco,"Fashion
Travel",425.9K,0.30%
1,202,,Fatima Ezzahra Lahrech@fatimaezzahra_lahrech.officiel,Morocco,"Lifestyle
Fashion",425.4K,3.50%
2,203,,khalid lidlissi@khalidlidlissi,Morocco,"Art
Modeling
Music",425K,14.30%
3,204,,Meryam Bakouche Ù…Ø±ÙŠÙ… Ø¨Ø§ÙƒÙˆØ´@meryambakoucheofficiel,Morocco,"Fashion
Modeling",420.5K,0%
4,205,,Mehdi Benkirane@mehdibenkirane,Morocco,,419.7K,0.70%
5,206,,Abdullah Alhoumse@abdullahalhoumse,Morocco,,417K,0%
6,207,,ğŸ‡²ğŸ‡¦ğŸŒ¹Moroccan special page ğŸŒ¹ğŸ‡²ğŸ‡¦@beauties_of_morocco,Morocco,"Fashion
Modeling
Celebrities",412K,0%
7,208,,Beauty.g.morocco ğŸ‡©ğŸ‡ªğŸ‡ªğŸ‡º ğŸ‡²ğŸ‡¦@beauty.g.morocco,Morocco,"Beauty
Art",411.4K,0%
8,209,,Imad Magician@imadmagician,Morocco,,411.1K,1.60%
9,210,,El Idrissi Otmane ğŸ‡²ğŸ‡¦@elidrissiotmaneoff,Morocco,"Lifestyle
Fitness
Modeling",408.6K,2.20%
10,211,,Ù„Ø¢Ù„Ø© Ø§Ù„Ø¨Ø±Ú¯Ø§Ú¯Ø© ğŸ˜‡@lbergaga.officiel,Morocco,"Fashion
Modeling",408.5K,0.40%
11,212,,Imad Benaomar@imadbenaomar,Morocco,"Music
Singer
Entertainment",408.4K,1.20%
12,213,,Mrs Sahel ğŸ’ğŸ’ƒ@kawtarraghay,Morocco,,407K,8.70%
13,214,,Ù…Ø±ÙŠÙ… Ø£ØµÙˆØ§Ø¨ | Meryem asouab@fans.asouab.meryem,Morocco,,403.9K,0.70%
14,215,,Amine Filali@amine_filali1,Morocco,"Photography
Travel
Fashion",399.2K,1.90%
15,216,,Douja Belkhayat@doujablk,Morocco,"Fashion
Lifestyle",394.6K,2.80%
16,217,,girls fashionğŸ’ğŸ’@girls_faashion_,Morocco,"Video Games
Fashion
Lifestyle
Modeling",394.2K,0.10%
17,218,,Simo Benbachir@simobenbachir,Morocco,Journalists,390.5K,0.10%
18,219,,ğŸ˜ AmirÃ  AlinÃ Ã  ğŸ˜@amira.alinaa,Morocco,"Fashion
Modeling",385.6K,1.20%
19,220,,Zineb saberberrich@zinebsaberberrich,Morocco,"Music
Fashion",383.3K,1.00%
20,221,,Khalil Mouad@khalilmouad,Morocco,,379.7K,14.40%
21,222,,Farid Ghannam ÙØ±ÙŠØ¯ ØºÙ†Ø§Ù…@ghannamfarid,Morocco,,379.7K,1.30%
22,223,,Fashion Style@land_of_beauty__,Morocco,"Fashion
Styling
Lifestyle",379K,0.20%
23,224,,má¾uáá¥áª sá¬áháªjá¥@mouniasenhaji,Morocco,"Lifestyle
Fashion
Beauty",378.9K,0.70%
24,225,,ê¹€ë¯¸ì†Œ@kimmiso1194,Morocco,"Modeling
Actors
Art",377.4K,3.70%
25,226,,Jawad EL Yamiq@jawadelyamiq,Morocco,Soccer,375.6K,4.70%
26,227,,Ø§Ù„Ø­Ø³Ø§Ø¨ Ø§Ù„Ø±Ø³Ù…ÙŠ Ø§Ù„ÙˆØ­ÙŠØ¯ Ù„Ù„Ø§ÙÙ†ÙŠØ¯Ù‡@lalla_fanida,Morocco,,372K,0.50%
27,228,,Mme Ikram ğŸ‡²ğŸ‡¦ Ø¥ÙƒØ±Ø§Ù… ğŸ‡²ğŸ‡¦@tester_a_casablanca,Morocco,"Lifestyle
Sports
Food",372K,0%
28,229,,#Ø§Ù„Ø§Ø¯Ù…Ù†: Ù…Ø­Ù…Ø¯ Ø§Ù„Ø²Ø¹Ø¨ÙˆØ²ÙŠ@maroc.tv_,Morocco,,370.5K,0.30%
29,230,,LC Waikiki Ø§Ù„Ù…ØºØ±Ø¨â€â€@lcwaikiki.morocco,Morocco,"Lifestyle
Fashion
Sports",369.4K,0.20%
30,231,,Sahar Zerouali@saharyzerouali,Morocco,"Moms
Fashion
Lifestyle",369K,1.20%
31,232,,MADD ğŸ‡²ğŸ‡¦@itsmemadd,Morocco,"Music
Singer
Entertainment",365.6K,11.00%
32,233,,Anas Zniti@anas_zniti01,Morocco,,364.5K,7.70%
33,234,,Ø³ÙˆÙ…Ø©Souma@soumatv,Morocco,"Lifestyle
Fashion
Beauty",363.6K,1.70%
34,235,,AZIZ DADAS - Ø¹Ø²ÙŠØ² Ø¯Ø§Ø¯Ø§Ø³@azizdadasofficiel,Morocco,Beauty,363.4K,1.50%
35,236,,Meriem Ezzaidi@meriem.ezzaidi,Morocco,,363.3K,6.00%
36,237,,Simo Life ğŸ‘ğŸ‡²ğŸ‡¦â¤ï¸@simolifedotcom,Morocco,"Business
Entrepreneur
Luxury",361.7K,9.40%
37,238,,zineb el morhir@zinebelmorhir,Morocco,,361.3K,0.60%
38,239,,ğŸŒŸOtman akessouğŸŒŸ@otman_akes,Morocco,"Fashion
Lifestyle
Styling
Photography",361.2K,1.10%
39,240,,The Moroccan Fashion@the_mroocan_fashion,Morocco,"Fashion
Lifestyle
Styling",358.8K,0.30%
40,241,,NARIMANE Ù†Ø§Ø±ÙŠÙ…Ø§Ù†@narimaneofficial,Morocco,"Moms
Fashion
Lifestyle",357.9K,3.10%
41,242,,Morocco Talks Football@moroccotalksfootball,Morocco,Soccer,357.2K,0.70%
42,243,,HAYTAM ALAOUI@haytam.alaoui,Morocco,"Beauty
Art
Fashion",356K,5.40%
43,244,,Beauty Addict Meryem@beauty_addict_meryem,Morocco,"Fashion
Lifestyle
Beauty",355.5K,1.80%
44,245,,Fatina Tiskat@fatinatiskatofficiel,Morocco,"Actors
Travel
Modeling",354K,0.70%
45,246,,Olivieer Konan@olivieer,Morocco,"Celebrities
Technology",353.7K,0%
46,247,,Ali Belabess@alibelabess,Morocco,"Fashion
Modeling",353K,1.10%
47,248,,Jumia Maroc@jumiamaroc,Morocco,"Lifestyle
Fashion
Beauty",350.5K,0.10%
48,249,,ÙØ§Ø·Ù…Ø© Ù…Ø¹Ø²ÙŠ ğŸ§ğŸ»â€â™€ï¸ğŸ§ğŸ»â€â™€ï¸@fatima_maazi_officiel,Morocco,,350.2K,0.40%
49,250,,Nisrine ElKettaniÙ†Ø³Ø±ÙŠÙ† Ø§Ù„ÙƒØªØ§Ù†ÙŠ@nisrineelkettani,Morocco,"Lifestyle
Fashion
Art",348.2K,1.30%
50,251,,MISTER SALIM@mistersalim_officiel,Morocco,"Lifestyle
Sports",346.5K,3.50%
51,252,,Zineb MERRAS@zei_life,Morocco,"Moms
Beauty
Art",346K,1.50%
52,253,,Boussalem Mohammed Ø¨ÙˆØ³Ø§Ù„Ù… Ù…Ø­Ù…Ø¯@boussalemofficiel,Morocco,"Modeling
Photography
Fitness",345.9K,0.10%
53,254,,â˜•Ø¢Ù„_Ø±ÙŠØªØ§Ø§Ø¬ | Ãƒch_BoÅ¯ChrÄ â˜•@al_ritaaj,Morocco,"Lifestyle
Fashion",345.3K,0.70%
54,255,,cuisinouafae@cuizinouafae,Morocco,"Choreographer
Dance",343.7K,0.10%
55,256,,Ø§Ù„Ù…ÙˆØ¶Ø© Ø§Ù„Ù…ØºØ±Ø¨ÙŠØ© Ù„Ù„Ù†Ø³Ø§Ø¡ ÙÙ‚Ø·@fatimamaghribia1,Morocco,Moms,339.7K,0.20%
56,257,,Amine Ouizid@amine_hls,Morocco,"Lifestyle
Fashion
Sports",338.8K,5.40%
57,258,,Ø§Ù„Ø·Ø¨Ø® Ùˆ Ø§Ù„Ø¨ÙŠØª Ù…Ø¹ Ø§Ù†ØªØµØ§Ø±@intissar.youtube,Morocco,Moms,337.2K,1.00%
58,259,,Zikalooks@zikalooks,Morocco,"Art
Beauty",333.9K,0.90%
59,260,,Nabil Layachi@nabillayachiofficiel,Morocco,Fashion,333.9K,0.40%
60,261,,Ù…Ø§Ø¬Ø¯ÙˆÙ„ÙŠÙ† Ù†Ø²ÙŠÙ‡ ğŸ”¥@majdouline_nazih,Morocco,"Art
Beauty
Business",332K,2.20%
61,262,,Caftan Inspiration By Noor ğŸ¦‹@caftan_inspiration,Morocco,Fashion Design,331.8K,0.20%
62,263,,ğŸŒ¼  Leila Zaoui  ğŸŒ¼@tout_pour_se_faire_belle,Morocco,"Lifestyle
Sports
Fashion",328.1K,1.90%
63,264,,Chada TV@chadatvofficiel,Morocco,"Music
Modeling
Actors",327.8K,0.10%
64,265,,ÙÙ‡Ø¯ Ø§Ù„Ù‡Ø§Ø´Ù…ÙŠ | Fahd El Hachimi@fahd.elhachimi,Morocco,Journalists,326.7K,0.40%
65,266,,AYAğŸ’–@abaakilaya,Morocco,"Fitness
Training
Coaching",324.6K,5.50%
66,267,,E T T A LEBğŸ’Ouallah C'est MoiğŸ’¡@ayoubettaleb.officiel,Morocco,Modeling,324.2K,6.80%
67,268,,Mert ALTINIÅIK@mertaltinisik_,Morocco,Actors,323.5K,4.30%
68,269,,J A L I L O   |   Ø¬Ù„ÙŠÙ„Ùˆ ğŸ‡²ğŸ‡¦@jaliloben_1,Morocco,,322.9K,0.90%
69,270,,Malika Bennani@peches_gourmands_,Morocco,"Lifestyle
Sports
Food",322.1K,0.10%
70,271,,Noussair Khalfane Officiel@noussair9,Morocco,"Actors
Singer
Music",322K,3.50%
71,272,,ğŸ€Hanane DailyğŸ€@hanane_daily,Morocco,"Lifestyle
Fashion",320.4K,0.40%
72,273,,Mahmoud Benhalib ğŸ’ imaneğŸ’@mahmoudbenhalib,Morocco,"Soccer
Sports
Lifestyle",318.4K,6.30%
73,274,,Ziana Mouna Anouchka@ziana_anouchka,Morocco,"Art
Events
Fashion",317.7K,0.40%
74,275,,abir.sh@enjoyyour_makeup,Morocco,"Art
Beauty
Business
Celebrities",316.3K,2.70%
75,276,,Ø§Ù„Ù…Ø·Ø¨Ø® Ø§Ù„Ù…ØºØ±Ø¨ÙŠ@wasafat_tabkh_maghribi,Morocco,,315.3K,0.40%
76,277,,Ø£Ø¬Ù…Ù„ ÙØªÙŠØ§Øª Ø§Ù„Ù…ØºØ±Ø¨@tiitiz_maroc,Morocco,Business,315K,0.01%
77,278,,Tima qanboua officiel ğŸ¥@fatima.zahra.qanboua1,Morocco,,314.8K,0.02%
78,279,,NouhaÃ¯la ğŸ’•@nouhaila_ytb,Morocco,"Actors
Lifestyle
Beauty
Fashion",314.3K,9.40%
79,280,,MOROCCAN STAR |ğŸ”œ 300K ğŸ‡²ğŸ‡¦âœ¨@moroccanstaroff,Morocco,Music,312.6K,0.50%
80,281,,ğŸ‡²ğŸ‡¦Ø±Ø¬Ø§Ø¡ Ø¨Ù„Ù…ÙŠØ± ğŸ‘« Ø¹Ù…Ø± Ø¨Ù„Ù…ÙŠØ±ğŸ‡²ğŸ‡¦@belmirs.17,Morocco,,310.5K,0.50%
81,282,,F I L M M A K E R@simomokafih1,Morocco,"Moms
Fashion
Modeling",309.9K,0.70%
82,283,,beauty by amina@beauty_by__amina,Morocco,"Fashion
Lifestyle
Modeling",309.5K,0.50%
83,284,,Mehdi Hosni Official@marocain_la_fiesta,Morocco,,309.4K,2.20%
84,285,,Chaimae Abdelaziz@chaimaabdelazizofficiel,Morocco,Music,308.7K,0.50%
85,286,,MONS@mons.saroute,Morocco,,307.5K,5.90%
86,287,,Noor. ( Ø¬Ù…Ø§Ù„Ùƒ Ù…Ø¹ Ù†ÙˆØ±)@noortalbi,Morocco,"Lifestyle
Fashion",307.1K,0.20%
87,288,,Yourbeauty by dounia@yourbeauty_by_dounia,Morocco,"Lifestyle
Fashion
Celebrities
Hair & Beauty",307K,1.10%
88,289,,arabstyle@arabarabstyle_,Morocco,Fashion,306.1K,0.10%
89,290,,Hajar Mourid@hajarmourid,Morocco,"Fashion
Lifestyle",303.8K,1.90%
90,291,,MOROCCO@inmorocco,Morocco,"Travel
Photography",303.8K,0.70%
91,292,,MY OFFICIAL ACCOUNT â€œKUCKYâ€ğŸ’¦ğŸ’‹ğŸ’„@kaoutar.rhd,Morocco,"Fashion
Modeling
Art",303.7K,0.40%
92,293,,Brahim Nasiri@brahimnasiri,Morocco,"Luxury
Cars",302.7K,0%
93,294,,Ahmed Reda Tagnaouti@reda_tagnaouti,Morocco,,300.2K,11.80%
94,295,,Roukhe@drissroukhe,Morocco,,297K,0.30%
95,296,,Mohammed Rabii@mohammedrabii,Morocco,Coaching,296.7K,3.40%
96,297,,The Tberguig@asmaaelarabi,Morocco,Fashion,295.8K,5.30%
97,298,,Ø¶Ø­Ùƒ Ùˆ Ù†Ø´Ø§Ø· Ø·Ø±ÙˆÙ„Ø§Øª Ù…ØºØ±Ø¨ÙŠØ© +18 ğŸ˜‚@trolls_maroc,Morocco,"Fashion
Gym
Modeling",295.7K,0.50%
98,299,,elfassia_news@elfassia_news,Morocco,,294.5K,0.10%
99,300,,Majed Malki@majed.mlk,Morocco,"Fashion
Lifestyle
Modeling",293.8K,0%
0,301,,Ù‡Ø¯Ù‰ğŸŒ¸ Lakssili Houda@lakssilihouda,Morocco,"Lifestyle
Fashion
Sports",292.7K,1.30%
1,302,,MERIEM BELKHAYAT Ù…Ø±ÙŠÙ… Ø¨Ù„Ø®ÙŠØ§Ø·@meriembelkhayatofficial,Morocco,"Fashion
Modeling",289.6K,0%
2,303,,ğŸ¬ Zaki | Ø²Ø§ÙƒÙŠ ğŸ¬@medzaaki,Morocco,"Modeling
Fashion
Music",289.5K,1.00%
3,304,,Yassine Hamdoun@itsmeyassiine,Morocco,"Fashion
Lifestyle
Modeling",289.2K,0.20%
4,305,,Moroccan Artists Official ğŸ‡²ğŸ‡¦@moroccanartists1,Morocco,"Modeling
Technology
Art",288.7K,0.30%
5,306,,Salon DoDo@salon_dodo,Morocco,,288.5K,1.30%
6,307,,SoTrendyLife@sotrendylife,Morocco,"Fashion
Lifestyle",288.3K,1.30%
7,308,,Shamy ...@ghazichaimaee,Morocco,"Pets
Dogs
Fashion",287.9K,4.20%
8,309,,Shobee@shobeeshayfeen,Morocco,"Music
Entertainment
Singer
Celebrities",287.2K,4.70%
9,310,,Mkazba Chaimae@mkazbachaimae,Morocco,"Fashion
Beauty",287.1K,11.30%
10,311,,Oussama Benjelloun Officiel@oussamabenjell,Morocco,Fashion,287K,0.60%
11,312,,ğŸ‡²ğŸ‡¦ğŸ‡²ğŸ‡¦ ğŸ‡²ğŸ‡¦MoroccoğŸ‡²ğŸ‡¦ ğŸ‡²ğŸ‡¦ğŸ‡²ğŸ‡¦@magnificence_of_morocco,Morocco,,285.3K,0.40%
12,313,,safae_beauty_official account@safae_beauty_officielle,Morocco,"Modeling
Fashion",284.8K,0.90%
13,314,,Qu Een ğŸ‡²ğŸ‡¦@dounia_moutawakil,Morocco,,284.5K,0%
14,315,,Chabi I Ø´Ø§Ø¨ÙŠ@chabiofficiel,Morocco,"Modeling
Art
Fashion",284K,1.40%
15,316,,caftan in morroco@caftan_maro,Morocco,,283.4K,0.20%
16,317,,souki shayk@soukishayk,Morocco,"Music
Singer
Actors",283.3K,2.30%
17,318,,Abir El Abed | Ø¹Ø¨ÙŠØ± Ø§Ù„Ø¹Ø§Ø¨Ø¯@abirelabedofficial,Morocco,,282.2K,0.70%
18,319,,Rabiekatiofficiel@rabiekati,Morocco,"Modeling
Actors
Fashion",280.2K,1.50%
19,320,,fatima zahrae ait larbi@zou_ghaa,Morocco,,280K,0.60%
20,321,,Ø¯ÙŠÙ†Ø§ Ø£Ù‚ØµØ¨ÙŠ | DINAAKESBI@dinaakesbi_fans_officiel,Morocco,"Beauty
Lifestyle
Art",278.7K,0%
21,322,,Hajar El Jastimy@hajarjas,Morocco,,278K,0.40%
22,323,,Rachid El Idrissi@rachidelidrissiofficiel,Morocco,,277.6K,1.10%
23,324,,elbargaga@elbargaga,Morocco,,277K,0.40%
24,325,,S o u K a Ã¯ n a  |  Ø³ÙƒÙŠÙ†Ø©ğŸ“¸@soukei.na,Morocco,"Fashion
Fashion Design
Modeling",275.6K,0.20%
25,326,,ğŸ‡²ğŸ‡¦   ğŸ‡²ğŸ‡¦@l7adga_official,Morocco,,275.1K,0.40%
26,327,,Pr Tawfik Sefrioui@prtawfiksefrioui,Morocco,Fashion,274.2K,0.10%
27,328,,Simply Morocco@simplymorocco,Morocco,"Travel
Fashion
Lifestyle",271.6K,1.10%
28,329,,Safaa Boujnah( Sabahiyat2M)@safaa_boujnah,Morocco,,270.5K,1.40%
29,330,,Ø§Ù„Ø³ÙˆØ³ÙŠØ©@maaroufi_official1,Morocco,,270.2K,2.80%
30,331,,H A I F A | Ù‡ÙŠÙØ§Ø¡@hayfa.hm,Morocco,"Fashion
Lifestyle
Beauty",269.8K,0.80%
31,332,,said et wadie@said_et_wadie,Morocco,,269.3K,1.70%
32,333,,Yussef Aoutoul@yussefaoutoul,Morocco,"Singer
Music
Songwriting",267.7K,1.80%
33,334,,ğ’œğ’½ğ“ğ’¶ğ“‚ Ø­Ø³Ù† âµ£ğŸ‡²ğŸ‡¦@ahlam.zain1,Morocco,"Fashion
Modeling",266.8K,3.00%
34,335,,Xena Aouita@xenaaouita,Morocco,"Music
Singer
Entertainment",264.8K,5.70%
35,336,,Lamrani Hot Couture@lamrani_hot_couture,Morocco,"Fashion
Lifestyle",263.1K,0.50%
36,337,,ğŸ‡²ğŸ‡¦Ø¥ÙŠÙ…Ø§Ù† Ø­Ù…Ø¯Ø§ÙˆÙŠğŸ‡²ğŸ‡¦@imane_hamdaoui,Morocco,"Celebrities
Technology
Fashion
Health & Fitness",261.5K,1.10%
37,338,,ğŸ¦„Benedetta BenvenutiğŸ¦„@benebenve,Morocco,"Pets
Fashion",260.8K,0%
38,339,,Havingsome_fun@mimouh_khaoula,Morocco,"Fashion
Lifestyle",260.6K,0.90%
39,340,,Ù…Ø­Ù„ Ù‚ÙØ·Ø§Ù†ÙŠ@qaftany,Morocco,,260K,0%
40,341,,charmebladi By Titima@charmebladi,Morocco,"Fashion
Lifestyle",259.3K,0.90%
41,342,,CAFTAN DU MAROC@caftandumaroc,Morocco,News&Politics,259.3K,0%
42,343,,Salma Amahzoune@salmaamahzoune,Morocco,,259.3K,3.80%
43,344,,Eman Al-Shmety - Ø¥ÙŠÙ…Ø§Ù† Ø§Ù„Ø´Ù…ÙŠØ·ÙŠ@emanshmety,Morocco,"Singer
Modeling",257.2K,1.20%
44,345,,â¤ï¸Ka wty â¤ï¸@demozelle_hm,Morocco,"Modeling
Music",255.9K,0.50%
45,346,,tabkh leila@tabkh_leila,Morocco,"Fashion
Gym
Modeling",255.6K,0.30%
46,347,,Said Bey officiel Ø³Ø¹ÙŠØ¯ Ø¨Ø§ÙŠ@saidbeyofficiel,Morocco,"Lifestyle
Fashion",255.6K,0.90%
47,348,,Hind@hind_ik,Morocco,"Fashion
Lifestyle",253.1K,0.70%
48,349,,Fashion.In.MoroccoğŸ’™@fashion.in.morocco_,Morocco,"Fashion
Lifestyle
Styling",250.7K,0.10%
49,350,,â™ª . â™¬ â–ª ğŸ‡²ğŸ‡® ğŸ‡© ğŸ‡´  â–ªâ™¬ .â™ª@mido.belahbib,Morocco,,250.1K,1.20%
50,351,,Ø­Ù„ÙˆÙŠØ§Øª Ø®Ø¯ÙŠØ¬Ø© halawiyat khadija@halawiyatkhadija,Morocco,"Food
Restaurants",249.3K,0%
51,352,,Asmaa Khamlichi@asmaakhamlichiofficial,Morocco,"Lifestyle
Sports",249.3K,2.20%
52,353,,abdellahbensaidofficiel@abdellahbensaid_officiel,Morocco,,249.3K,0.20%
53,354,,D O U Z I  K A D E R@douzikader,Morocco,Modeling,249.3K,0.60%
54,355,,Omari Salma@salmaomariofficial,Morocco,"Music
Actors
Entertainment",248.8K,0.10%
55,356,,Salma ğŸ‡²ğŸ‡¦@salma_isai,Morocco,"Fashion
Lifestyle",247.1K,0.02%
56,357,,Narjiss El Hallak@narjiss.el_hallak,Morocco,,246.7K,5.00%
57,358,,NARIMANE Cosmetics@narimanecosmetics,Morocco,"Lifestyle
Beauty
Fashion",245.7K,0%
58,359,,AymanSenpai@aymansenpai,Morocco,"Music
Singer",245.7K,10.70%
59,360,,Ø§Ø³Ù…Ø§Ø¡ Ù…ÙˆÙ„Ù‰ Ø§Ù„Ø¶Ù‡Ø±Ø©@mouladdahra_asmaa,Morocco,"Fashion
Gym
Modeling",245.5K,1.70%
60,361,,Yves Rocher Maroc@yvesrocherma,Morocco,"Lifestyle
Fashion",245.1K,0.30%
61,362,,Cooking with Imane@cooking_with_imane_official,Morocco,"Lifestyle
Sports
Fashion",244.9K,0.20%
62,363,,Souad BouaidağŸ‡²ğŸ‡¦Ø³Ø¹Ø§Ø¯ Ø¨ÙˆØ¹ÙŠØ¯Ø©@souadbouaida,Morocco,,242.9K,0.50%
63,364,,Mahmoud El Youbi Ù…Ø­Ù…ÙˆØ¯ Ø§Ù„ÙŠÙˆØ¨ÙŠ@mahmoud_maybakh,Morocco,"Lifestyle
Modeling
Fashion",242.3K,2.00%
64,365,,ğŸŒŒ NANA ğŸŒŒ@najwa_benbrahim,Morocco,Photography,241.3K,0%
65,366,,Fouad Qebibo@fouad_qebibo,Morocco,"Fashion
Lifestyle
Travel",239.9K,2.00%
66,367,,sana bouda influencer@boudatv,Morocco,"Fashion
Modeling
Hair & Beauty",237.9K,1.70%
67,368,,Kand7ak m3ak ğŸ˜‚ ÙƒÙ†Ø¶Ø­Ùƒ Ù…Ø¹Ø§Ùƒ@kand7ak.m3ak,Morocco,,236.6K,0.90%
68,369,,Samia Dikouk@samiaofficial1,Morocco,"Modeling
Music",236.1K,0.01%
69,370,,Ãˆquipe Nationale  Marocaine@equipe_de_maroc,Morocco,Soccer,236.1K,0.50%
70,371,,Imane EL Makeup ArtistğŸ’„@imane__makeup,Morocco,"Art
Beauty",235.8K,2.80%
71,372,,Bushra's Cuisine ğŸ‡ºğŸ‡¸@bushras_cuisine,Morocco,"Food
Cooking
Chef",235.7K,0.40%
72,373,,Ù…ÙˆÙ†ÙŠØ©ğŸ‡²ğŸ‡¦@mouniajaider_officiel,Morocco,"Fashion
Modeling
Lifestyle",235.4K,0.80%
73,374,,ğŸ“viva_ab_video2ğŸ“@viva_ab_video2,Morocco,"Styling
Modeling
Fashion",235K,0.80%
74,375,,khalid riad Ø®Ø§Ù„Ø¯ Ø±ÙŠØ§Ø¶@khalid_riad_official,Morocco,,234.5K,0.02%
75,376,,MISAHA | Ù…Ø³Ø§Ø­Ø© ğŸ¬@yossefaabou,Morocco,,233.9K,13.40%
76,377,,Didija Elhilali@elhilali_dija,Morocco,"Fashion
Modeling",232.8K,0.20%
77,378,,GUcci Girlï¸ï¸ï¸ï¸ğŸŒˆ@dounya_fethiii,Morocco,Basketball,232.8K,0.40%
78,379,,Draganov@mr.draganov,Morocco,"Lifestyle
Fashion
Beauty",232.4K,8.50%
79,380,,H A M Z A ğŸ‡²ğŸ‡¦ğŸ‡®ğŸ‡¶@hamzazmi,Morocco,"Training
Coaching
Fitness",230.9K,0.30%
80,381,,Nizar Idil@nizaridil1,Morocco,,230.5K,2.20%
81,382,,Kouskous@khalilkouskous,Morocco,"Music
Singer",229.4K,12.10%
82,383,,ğŸ¥€ L A Y A N E ğŸ¥€ğŸŒŒ  Ù„Ù€Ù€Ù€Ù€ÙŠÙØ§Ù†Ù’ğŸŒŒ@layanechalile,Morocco,"Fashion
Modeling
Lifestyle",228.5K,0.30%
83,384,,bijouterie.niama ( Or 18k)@bijouterie.niama,Morocco,,227.8K,0.10%
84,385,,Alyousser shoop@alyousser.shoop,Morocco,Fashion,227.2K,0.10%
85,386,,Ø£Ø®Ø¨Ø§Ø±Ø§Ù„Ù†Ø¬ÙˆÙ… ÙˆØ§Ù„ÙÙ†Ø§Ù†ÙŠÙ† Ø§Ù„Ù…ØºØ§Ø±Ø¨Ø©@akhbar_maghariba,Morocco,,227K,0.30%
86,387,,ğŸ¦„Youngest Fashion DesignerğŸ¦„@princessghaliarayhana,Morocco,"Tennis
Fashion
Moms",225.5K,0.20%
87,388,,Douaa / Ø¯Ø¹Ø§Ø¡@yalvaris_guzel,Morocco,"Fashion
Modeling",225.5K,0.90%
88,389,,ğŸ’ŸÙØ§Ø·Ù…Ø© Ø§Ù„Ø²Ù‡Ø±Ø§Ø¡ğŸ’Ÿ Ofc accountğŸ‘ŠğŸ˜»@bagh_bie,Morocco,,223.3K,2.70%
89,390,,Rachid Alaoui  (Mihabodytec)@rachidalaoui__,Morocco,"Lifestyle
Fashion",223K,0%
90,391,,â–¶ Insta_maroc.ma â“‚@insta_maroc.ma,Morocco,News&Politics,222K,2.10%
91,392,,Adil Assil@adilassil,Morocco,"Music
Singer",219.5K,1.60%
92,393,,ilhame.taouil@ilhame.taouil,Morocco,"Fashion
Modeling",218.1K,0%
93,394,,Mohamed El-Attar@mohamed_elattar2005,Morocco,"Soccer
Modeling",217.5K,0.40%
94,395,,Sara El Mokaddem@saraelmokaddem1,Morocco,"Fashion
Lifestyle
Modeling",214.9K,0.30%
95,396,,FlormarMorocco@flormar_maroc,Morocco,"Lifestyle
Fashion
Beauty",214.3K,0.10%
96,397,,Youssef Boughanem@youssefboughanem,Morocco,"Sports
Lifestyle",212.7K,5.70%
97,398,,mimi diamond@mimiidiamond,Morocco,,212.4K,1.60%
98,399,,Yasmina Olfi@fashionmintea,Morocco,"Fashion
Lifestyle
Styling",212.2K,1.40%
99,400,,machahir Ù…Ø´Ø§Ù‡ÙŠØ±@et.machahir,Morocco,,211.5K,0.50%
0,401,,ØµÙˆÙÙŠØ§ Ø¨Ù† ÙŠØ­ÙŠÙ‰ Ù‚ÙØ·Ø§Ù† SB Kaftan@sophia_benyahia_kaftan,Morocco,Fashion,211.3K,0.60%
1,402,,snapchat : swaggystylish@mole_hanout,Morocco,,210.1K,0.80%
2,403,,M A R O U Aï¸ï¸ï¸ï¸ï¸ï¸ l Ù…Ø±ÙˆØ©@marobeauty,Morocco,"Fashion
Modeling
Art",210.1K,5.10%
3,404,,Ù…Ø­Ø¨Ø© Ù„Ù„ÙÙ†Ø§Ù† Ø³Ø¹Ø¯ Ù„Ù…Ø¬Ø±Ø¯ ğŸ‘‘@saadlamjarred10,Morocco,,209.7K,0.90%
4,405,,Decomaison@deco.maison,Morocco,,208.3K,0.10%
5,406,,Hakim Ziyech@ziyech.22,Morocco,"Soccer
Sports",208K,2.40%
6,407,,oussama ettaki@oussamajassamas,Morocco,"Fashion
Modeling
Lifestyle",208K,0.70%
7,408,,CASA BEL VISA@casabvisa,Morocco,,207.6K,0.90%
8,409,,AYLA Looks@ayla_lk,Morocco,Travel,207.4K,0%
9,410,,ZIZO@zouhair_errajraji,Morocco,"Fashion
Lifestyle
Modeling",207.3K,4.00%
10,411,,Reggada And LaÃ¢laoui@reggada_and_laalaoui,Morocco,"Lifestyle
Fashion",207K,0.70%
11,412,,ilham.el.arbaoui1 ğŸ”·@ily_team,Morocco,"Dance
Modeling
Music",206.8K,0.03%
12,413,,Sanaa Mohamed@sanaamohamedofficial,Morocco,,206.5K,0.60%
13,414,,StylÃ©e By G.H@stylee.by.g.h,Morocco,"Fashion
Lifestyle
Styling",206K,0.20%
14,415,,Trend in Vogue@safia.tazi,Morocco,Fashion,205.8K,3.10%
15,416,,Boutikesh@boutikesh,Morocco,"Fashion
Lifestyle",205.6K,0%
16,417,,Zineb AGHRIB@zineb_aghrib,Morocco,"Lifestyle
Beauty
Fashion",204.3K,3.10%
17,418,,â„³ğ“€ğ’¶ğ“ğ’·ğ’¶ ğ’œğ“‚ğ’¶ğ“@mkazbaamal,Morocco,"Modeling
Fashion
Music",203.3K,13.10%
18,419,,Mohammed Gasmi@mohammedgasmi1,Morocco,"Events
Fashion
Modeling",203.3K,13.00%
19,420,,Centre Meryam Beauty@meryam_baissa,Morocco,,202.4K,0.10%
20,421,,Sanaa Elhakim Ø³Ù†Ø§Ø¡ Ø§Ù„Ø­ÙƒÙŠÙ…@sanaaelhakim,Morocco,Beauty,201.6K,0.60%
21,422,,Massa Jewelry Â®@massa.jewelry,Morocco,"Fashion
Lifestyle
Jewelry",198.1K,0%
22,423,,Ù…ÙÙ†ÙÙ€Ù€Ù€Ù€Ù€Ù€Ø§Ø±@manar.ch,Morocco,"Fashion
Modeling
Art",197.6K,4.50%
23,424,,Issam Sarhan || Ø¹ØµØ§Ù… Ø³Ø±Ø­Ø§Ù†@issamsarhan,Morocco,,197.3K,0.50%
24,425,,Mehdi Mozayine@mehdimozayine,Morocco,"Singer
Music
Songwriting",197.1K,2.60%
25,426,,Ä°mad hawari@imadhawari,Morocco,"Modeling
Fashion",196.9K,0.10%
26,427,,ğŸ€foufa MjkğŸ€@foufamjk,Morocco,"Art
Beauty",194.8K,1.70%
27,428,,Moroccan_You@moroccan_you,Morocco,Video Games,193K,0.20%
28,429,,ChebRayanOfficiel@chebrayanofficiel,Morocco,Music,192.4K,0.20%
29,430,,Designer Chaimae Masmoudi@designer_chaimae,Morocco,"Fashion
Art
Events",192.3K,0.20%
30,431,,amelml@amelmasrar,Morocco,"Lifestyle
Fashion",192.3K,1.90%
31,432,,Street.ART@maroc.streetart,Morocco,,192.3K,0.70%
32,433,,Abderahim Achchakir@chaakir55,Morocco,Soccer,191.3K,11.00%
33,434,,Soukaina Chekaoui Official@soukainachekaouiofficial,Morocco,"Fashion
Modeling
Art",190.7K,0.90%
34,435,,Moroccan Fame@moroccanfame,Morocco,,190.6K,0%
35,436,,Cuisine Amina Ø£Ù…ÙŠÙ†Ø© Ø§Ù„Ù…Ø±Ø§ÙƒØ´ÙŠØ©@cuisine.amina,Morocco,"Food
Cooking",190.2K,0.30%
36,437,,OB25@omar_boutayeb,Morocco,Sports,190.2K,5.40%
37,438,,BassmaBousselCosmetics@bassmabousselcosmetics,Morocco,"Beauty
Lifestyle
Art",189.4K,0.60%
38,439,,inwi@inwi_maroc,Morocco,"Lifestyle
Sports",189.1K,0.20%
39,440,,MOUAD EL QASMI@mouadelqasmi,Morocco,"Fashion
Lifestyle
Styling
Health & Fitness
Photography
Travel",188.1K,1.20%
40,441,,Rafinity@rafinity_officiel,Morocco,"Fashion
Lifestyle",188K,0.10%
41,442,,AMIR  WALID@k.keeyvi,Morocco,"Modeling
Music
Fashion",187.6K,13.80%
42,443,,Noussaiba Essatte Ù†ÙØ³ÙŠØ¨Ø© Ø§Ù„Ø³Ø·ÙŠ@noussaiba.essatte,Morocco,Fashion,187.3K,2.70%
43,444,,Abdel Mounaim Chaif Official@abdelmounaimchaif,Morocco,"Music
Singer",186.7K,0.10%
44,445,,legend ğŸ’Ÿ family ğŸ’œ@morocco_family,Morocco,,186.4K,0.30%
45,446,,style morocco@style_maroc_lux,Morocco,"Fashion
Lifestyle
Styling",186.3K,0.40%
46,447,,Imane Daoudi@imane.d,Morocco,"Soccer
Lifestyle
Fashion",186K,0.50%
47,448,,Rhany Kabbadj@rhanykabbadj,Morocco,"Lifestyle
Fashion",185.8K,0.50%
48,449,,aymaneserhani@aymaneserhani_fansoff,Morocco,"Lifestyle
Fashion
Music",185.6K,0.50%
49,450,,Saida Miri@saidamiriofficiel,Morocco,"Art
Fashion
Beauty",184.5K,0.20%
50,451,,Mosaic Jewels | Canada@mosaic.jewels,Morocco,"Lifestyle
Fashion",184.4K,0%
51,452,,MERYEM ELAB PRO Makeup Artist@meryem.elab,Morocco,"Art
Beauty",184.4K,0.30%
52,453,,TAGNE@tagneofficiel,Morocco,"Music
Actors",183.7K,7.80%
53,454,,bochra khairatğŸ‘‘ Ø¨Ø´Ø±Ù‰ Ø®ÙŠØ±Ø§Øª@bochra.khairat,Morocco,"Fashion
Lifestyle",183.7K,0.20%
54,455,,Betty Taoutel@betty_taoutel,Morocco,"Actors
Modeling",183.4K,0.50%
55,456,,Salma Kamal ğŸ¥ğŸ¬ Ø³Ù„Ù…Ù‰ ÙƒÙ…Ø§Ù„@salmakamalofficiel,Morocco,"Fashion
Lifestyle",182.5K,7.10%
56,457,,Nasser Akabab@a.k.a_babe,Morocco,"Travel
Photography",181.9K,2.30%
57,458,,Abla zemmama@ablazemmama,Morocco,"Moms
Lifestyle
Fashion",181K,1.40%
58,459,,Sarah Perles@sarahperles,Morocco,"Modeling
Fashion
Art",180.7K,6.40%
59,460,,Ameera London@ameeralondon,Morocco,"Beauty
Art
Hair & Beauty
Fashion
Celebrities",180.7K,0%
60,461,,Arousati by Bahija Chamalia@arousatiofficiel,Morocco,"Events
Fashion",179.9K,0.30%
61,462,,ğŸ‡²ğŸ‡¦ Morroco.for.ever ğŸ‡²ğŸ‡¦@morroco.for.ever,Morocco,,179.9K,0.60%
62,463,,swelah | ØµÙˆÙŠÙ„Ø­@swaylahsoghar,Morocco,"Fashion
Gym
Modeling",179.3K,0.70%
63,464,,houda@houdaa.riahi,Morocco,"Moms
Fashion
Lifestyle",178.2K,1.00%
64,465,,Ø§Ù„ØµÙØ­Ø© Ø§Ù„Ø±Ø³Ù…ÙŠØ©|Ø®Ø¯ÙŠØ¬Ø©_ØµÙ‡ÙŠØ¨@khadija_souhaibe_officielle,Morocco,Modeling,178.1K,2.40%
65,466,,Miniso Maroc@minisomaroc,Morocco,"Lifestyle
Fashion
Sports",176.9K,1.00%
66,467,,HAZE  Ù‡Ø§ÙŠØ²  ğŸ’¥@haze.marryme,Morocco,"Fashion
Modeling
Lifestyle",176.8K,3.70%
67,468,,@zakariafathi_,Morocco,"Modeling
Celebrities
Fashion
Technology
Health & Fitness",176.7K,1.00%
68,469,,Yassine Ghazi@ysnghazi,Morocco,"Soccer
Fashion
Modeling
Actors",176.4K,0%
69,470,,ğŸ’š SOLO RAJA CLUB ATHLETIC ğŸ’š@soloraja1949,Morocco,"Coaching
Training
Fitness",175.8K,1.40%
70,471,,â¬œâ¬›  Yasser Ezzahir â¬›â¬œ@yasserezzahir,Morocco,,175.7K,0.30%
71,472,,H I J A B ğŸ‘‘ S T O R E@bantik.fr,Morocco,"Lifestyle
Fashion",175.7K,1.30%
72,473,,LilZoo@lilzooisme,Morocco,"Singer
Music",175.6K,5.40%
73,474,,IDDER Makeup@idder.makeup,Morocco,"Lifestyle
Beauty
Fashion",174.7K,0%
74,475,,ğŸ‡²ğŸ‡¦âµ£@moroccansofficial,Morocco,,174.3K,0%
75,476,,Imane bouhazzama@imanebouhazzama,Morocco,Fashion,173.1K,0.60%
76,477,,Ø§ÙƒØ±Ø§Ù… Ø§Ù„Ø±ÙŠØ­Ø§Ù†ÙŠ ğŸ“@ikram_raihani,Morocco,,173K,0.50%
77,478,,KenØ²anafyâ€¢officiel@nafykenza,Morocco,"Fashion
Lifestyle",172.9K,0.50%
78,479,,Moroccan.monarchy_@moroccan.royals,Morocco,Fashion,172.9K,1.40%
79,480,,Amina Allam@aminaallam,Morocco,"Pets
Dogs
Fashion
Health & Fitness",172.4K,0.30%
80,481,,MAKEUP BY MIMO ğŸ§¿@makeupby_mimo,Morocco,"Beauty
Art
Fashion",171K,0%
81,482,,Imad Kotbi@imadkotbi,Morocco,,170.8K,0.20%
82,483,,Ù…Ø§Ø¬Ø¯ Ø§Ù„Ø¯Ø­Ù…Ø§Ù†ÙŠ@only1majed,Morocco,,170.6K,0.10%
83,484,,Kingdom Of Morocco ğŸ‡²ğŸ‡¦@proudlymoroccan,Morocco,"Photography
Travel
Nature & Outdoors",169.9K,0.90%
84,485,,Ibrahim Jaidi@ibrahimjaidi,Morocco,"Lifestyle
Fashion",169.3K,4.70%
85,486,,Ø£Ø´Ø±Ù Ø§Ù„ÙØ±Ù‚Ø§Ù†ÙŠ@achraf_elforkani,Morocco,,169.1K,4.40%
86,487,,Sabrine Jouabri@sabrine.jouabri,Morocco,"Lifestyle
Fashion
Modeling",167.4K,1.80%
87,488,,Amine EnnajiğŸ¥@amineennajiofficiel,Morocco,Actors,167.2K,1.00%
88,489,,GroupeGPM@generation_pour_mariage,Morocco,"Lifestyle
Fashion",167.1K,0.80%
89,490,,EL MEHDI BELAYACHI@elmehdibelayachi,Morocco,"Modeling
Actors",166.4K,3.50%
90,491,,â¤Ã€ÃMÃ„Ã‘ğŸ’ÅšÃ€FÃÃ„ğŸ‘‘@ayman_rajal_safaa,Morocco,,165.8K,2.30%
91,492,,ÙˆØ¦Ø§Ù… ğŸ€ WIAM@wiam_isai,Morocco,"Fashion
Modeling",165.4K,4.70%
92,493,,Najla Qebibo@najlaqebibo,Morocco,"Moms
Fashion
Modeling",165K,1.80%
93,494,,Saber Chaib@saberchaib1,Morocco,"Music
Actors",164.4K,0.60%
94,495,,Les Badadistes@les_badadistes,Morocco,"Lifestyle
Fashion
Sports",163.7K,6.20%
95,496,,Ø§Ù„Ø²Ù‡Ø±Ø§Ø¡ â˜…@ezzahrae_,Morocco,"Fashion
Lifestyle",163.3K,0%
96,497,,Malakiies@malakiies,Morocco,"Fashion
Lifestyle
Styling
Hair & Beauty
Celebrities",162.7K,4.80%
97,498,,equipe_nationale_du_maroc@les_lions_du_maroc_,Morocco,,162.6K,0%
98,499,,Nada@nada_fashionlover,Morocco,"Lifestyle
Fashion",162.5K,0.02%
99,500,,Zakiabeauty@zakiabeauty,Morocco,Fashion,162.3K,1.50%
0,501,,Abdeslam Bouhcini@abdeslam_bouhcini,Morocco,"Actors
Lifestyle
Fashion",161.7K,2.20%
1,502,,Zina Saaid@zinasaaid,Morocco,Lifestyle,161.5K,0%
2,503,,Marouane Assil ( Ù…Ø±ÙˆØ§Ù† Ø£ØµÙŠÙ„ )@marouaneassil,Morocco,"Music
Singer",161.5K,1.60%
3,504,,â’½â“â“¤â““â“ â’½â’¶â“â’¶â“ƒâ’¾ â’¶â“‚â’¾â“ƒâ’º ğŸ‡²ğŸ‡¦@houdahayaniamineofficiel,Morocco,"Lifestyle
Fashion
Beauty",161.3K,0.60%
4,505,,Videdressingdescopines@videdressingdescopines,Morocco,Shopping,161K,0%
5,506,,Welcome To My WorldğŸŒŸ@zineb__said,Morocco,"Lifestyle
Sports",160.3K,2.20%
6,507,,Ella Maghribi@ellamaghribi,Morocco,,160.2K,0.80%
7,508,,Fashion influencer@naj.universe,Morocco,"Fashion
Styling",159.3K,0.70%
8,509,,Djeparov ğŸ²ğŸ²@djeporov,Morocco,"Fashion
Lifestyle
Travel
Game
Technology
Photography
Nature & Outdoors
Kids & Parenting
Humor
Food & Drink
Health & Fitness
Hair & Beauty
Gardening
Film, Music & Books
Education
DIY & Crafts
Design
Celebrities
Cars & Motorcycles
Art
Architecture
Animals & Pets
Cooking",159.2K,1.90%
9,510,,NORMAL IS BORING@jihanelahlouuu,Morocco,"Fashion
Moms
Lifestyle",158.8K,3.60%
10,511,,KHALIL ALAOUI@khalilb.alaoui,Morocco,"Fashion
Lifestyle
Styling
Celebrities
Technology",158.5K,1.80%
11,512,,@issamharrris,Morocco,"Music
Entertainment
Modeling",158.2K,7.50%
12,513,,Houda Majd   Ù‡Ø¯Ù‰ Ù…Ø¬Ø¯@houdamajd,Morocco,"Modeling
Fashion",158K,1.30%
13,514,,Hassan Elkourfti@hassanelkourfti,Morocco,"Modeling
Fashion
Photography",157.8K,0.50%
14,515,,Ø£ÙÙƒØ§Ø± Ø¨Ø³ÙŠØ·Ø© Ù…Ø¹ Ù‡Ù†Ø§Ø¡@hanaanz,Morocco,"Moms
Fashion",157.3K,1.10%
15,516,,Yasser Boussil@yasser_boussil,Morocco,Actors,156.8K,1.20%
16,517,,Umeima AzzouziğŸ¦‚@ma.umei,Morocco,"Modeling
Fashion",156.8K,1.30%
17,518,,ğŸ‡²ğŸ‡¦âš½ï¸ Almarssadpro âš½ï¸ğŸ‡²ğŸ‡¦@almarssadpro,Morocco,Soccer,156.7K,0.80%
18,519,,Alia Kasimi@cookingwithalia,Morocco,"Food
Cooking
Chef
Travel
Food & Drink
Photography",156.3K,0.50%
19,520,,Abdelillah Habbat Idrissi@habbatabdelillah,Morocco,"Fitness
Coaching
Modeling",155.8K,12.00%
20,521,,ÙŠØ³Ø±Ø§ Ø§Ù„Ø¬Ø§ØªØ§Ø±ÙŠÂ®@yousra__elgattari,Morocco,"Modeling
Fashion
Music",155.5K,1.40%
21,522,,ğŸ”¥Ø§Ù„ÙˆØ§Ù„ÙŠØ¯Ø©ğŸ”¥@issam_br1,Morocco,Modeling,155.4K,2.00%
22,523,,Aziz Kallah@aziz.kallah,Morocco,Music,155.2K,6.60%
23,524,,Basma Ghand   | Ø¨Ø³Ù…Ø© ØºØ§Ù†Ø¯@basmaghand,Morocco,"Fashion
Lifestyle",154.7K,1.50%
24,525,,Kaoutar Benjelloun@kao_benjelloun,Morocco,"Lifestyle
Sports
Fashion",154.6K,0.70%
25,526,,FAISSAL & MALIKA ğŸ‡²ğŸ‡¦@stylish.couple,Morocco,"Fashion
Modeling
Lifestyle
Hair & Beauty
Celebrities
Design",153.7K,0.60%
26,527,,Amine&Oubeid LESINQUALIFIABLES@lesinqualifiables,Morocco,"Lifestyle
Sports",153.6K,1.40%
27,528,,ğŸŒ´daily Inspo LOOKS : Blogger@sarah.beauty.channel,Morocco,"Fashion
Lifestyle
Styling
Hair & Beauty",153.5K,1.10%
28,529,,Dj Amine@dj_amine,Morocco,"Singer
Music
Songwriting",153.2K,0%
29,530,,Komy@komy_official,Morocco,"Modeling
Music
Fashion",152.9K,5.40%
30,531,,Adnane Mouhejja | Ø¹Ø¯Ù†Ø§Ù† Ù…ÙˆØ­Ø¬Ø©@adnanemouhejjaofficiel,Morocco,Soccer,152.2K,0%
31,532,,H O U D A    B O U N A D D I@touta.b,Morocco,"Fashion
Moms
Lifestyle",151.8K,1.70%
32,533,,Barcelona HD@barcelona__hd,Morocco,Soccer,151.6K,0.40%
33,534,,Yousramaimouni|Ø­Ø³Ø§Ø¨ Ù„Ù„Ø§Ø¨ØªØ³Ø§Ù…Ø©@yousramaimouniofficiel,Morocco,"Photography
Travel",151K,0%
34,535,,Zineb Lahnine  ğŸ›@zineblahnine,Morocco,"Lifestyle
Beauty
Fashion",150.2K,0%
35,536,,Youness Lrhilrha@younesslrhilrha,Morocco,Fashion,150.1K,4.60%
36,537,,Bijouterie sabriğŸ‡²ğŸ‡¦@bijouteriesabri,Morocco,,150K,0%
37,538,,O U S S A M A  J A Ã‚ M I Â© ğŸ‡²ğŸ‡¦@ossamajaami,Morocco,Fashion,149.4K,1.50%
38,539,,styliste Abir el yassini@styliste_abir_elyassini,Morocco,"Fashion
Styling
Modeling",149.2K,0%
39,540,,Sanae Rayhani@krtasnssa_officiel,Morocco,,148.7K,8.60%
40,541,,Nina@ninaprestige_,Morocco,"Music
Fashion
Lifestyle",147.5K,0%
41,542,,â€¢F A T I M A  Z A H R A Eâ€¢@fvtijm,Morocco,"Fashion
Lifestyle
Modeling",146.9K,4.50%
42,543,,ğŸ¥€ SALMA â€¢â€¢â€¢ ğŸ‡²ğŸ‡¦@selma.atif,Morocco,"Fashion
Lifestyle
Art",146.7K,4.40%
43,544,,Makeup Artist iatimad@makeupartistiatimad,Morocco,"Art
Beauty",146.3K,0.10%
44,545,,A S S O U M A  Ø£Ø³ÙˆÙ…Ø©@assouma_beauty,Morocco,"Lifestyle
Beauty
Fashion",146.3K,1.30%
45,546,,Jalila Talemsi Officiel@jalilatalemsi,Morocco,,146.1K,0.80%
46,547,,# Fashionmostafaa@fashionmostafaa,Morocco,"Fashion
Celebrities
Design",145.4K,4.00%
47,548,,Chey Ø¢Ù…ÙŠØ±Ù‡@amira_cheey,Morocco,"Fashion
Lifestyle
Modeling",145.2K,0.01%
48,549,,Decathlon Maroc@decathlon.ma,Morocco,"Lifestyle
Sports
Travel",144.8K,0.40%
49,550,,Artiste ğŸ”µ@drisslahlou01,Morocco,"Art
Modeling
Fashion",144.8K,0.90%
50,551,,The Cherry Blossom@zinebrachid,Morocco,"Fashion
Lifestyle
Styling",144.7K,2.30%
51,552,,KARIM DRIF ÙƒØ±ÙŠÙ… Ø§Ù„Ø¸Ø±ÙŠÙ@karimdrif7,Morocco,"Fashion
Modeling",144.7K,0%
52,553,,Imane ( Rimane Beauty )@rimane_beauty,Morocco,"Art
Beauty
Fashion",144.6K,1.50%
53,554,,â €â €â €â €â €â €â €â €â €   â €H a r i k a   O L@harikaol,Morocco,"Fashion
Celebrities
Hair & Beauty
Health & Fitness
Design",144.2K,3.00%
54,555,,sbitar 36@sbiitar__36,Morocco,,143.6K,1.50%
55,556,,á´á´€Ê€á´á´œá´€É´á´‡ á´‹Êœá´€á´›Éªá´   ğŸ‡²ğŸ‡¦@marouane_khatim,Morocco,"Fashion
Travel",143K,2.70%
56,557,,lailakamil@cuisine_lailakamil,Morocco,,143K,0.30%
57,558,,Snap ğŸ‘» Hatem-Sandy@hatemsandy,Morocco,,142.5K,3.50%
58,559,,ğŸŒ¸Fatima-Ezzahra ğŸ€ÙØ§Ø·Ù…Ø© Ø§Ù„Ø²Ù‡Ø±Ø§Ø¡@fateez_,Morocco,Writers,142K,6.70%
59,560,,Souraya | Ø³ÙˆØ±ÙŠØ©@oubillla,Morocco,"Fashion
Lifestyle
Modeling",141.5K,4.00%
60,561,,ZaÃ¯na Aguenaou ğŸ¦˜@zainaaguenaou,Morocco,"Lifestyle
Fashion
Health & Fitness
Hair & Beauty
Celebrities",141.3K,3.50%
61,562,,THE SAVANNAH ğŸŒ´@the__savannah,Morocco,"Music
Travel
Adventure
Photography",141K,5.80%
62,563,,BYS Cosmetics Maroc Officiel@byscosmeticsmaroc,Morocco,"Beauty
Art",140.7K,0.10%
63,564,,Sy Mehdi@symehdi1_officiel,Morocco,,140.4K,0.60%
64,565,,ØªÙˆÙ†Ø³ÙŠØ© ğŸ‡¹ğŸ‡³ //Ù…ØºØ±Ø¨ÙŠØ©ğŸ‡²ğŸ‡¦@sabrina.sadkaoui,Morocco,"Modeling
Fashion",139.4K,0.50%
65,566,,Ichrak Youtuber officielâœŒğŸŒ@ichrak.beauty,Morocco,"Fashion
Lifestyle",138.5K,4.50%
66,567,,Infinix Morocco@infinixmorocco,Morocco,,138.5K,0.10%
67,568,,Ines Camilia Tazi@taziines,Morocco,"Fashion
Lifestyle",138.2K,9.20%
68,569,,Ouadih Dada@ouadih_dada,Morocco,"Lifestyle
Sports",138.1K,0.20%
69,570,,â€¢ | Imane Asoula | â€¢@imane_asoula,Morocco,"Fashion
Modeling",137.9K,3.70%
70,571,,ğŸŒŸ ÙˆØ¯Ø§Ø¯ Ø§Ù„Ø¹Ù…Ø±ÙŠ ğŸŒŸ@w_idad,Morocco,"Fashion
Lifestyle
Styling",137.6K,1.30%
71,572,,YASSMINA@yassminajh,Morocco,"Lifestyle
Fashion
Sports
Technology
Celebrities",136.5K,0.40%
72,573,,MarouaneMZIRIRA | Filmmaker@marouanemzirira,Morocco,"Soccer
Lifestyle",136.3K,0.90%
73,574,,Wild Clothing@_wild_clothing,Morocco,"Fashion
Styling
Lifestyle",135.2K,0.90%
74,575,,Afaf&Marwa@afafandmarwa,Morocco,"Fashion
Lifestyle
Travel
Hair & Beauty
Celebrities",135K,2.00%
75,576,,Rita_Trendy@rita_trendy,Morocco,"Fashion
Lifestyle",135K,2.20%
76,577,,febrayer.com@febrayerofficiel,Morocco,Modeling,134.9K,0.10%
77,578,,ğ¿ğ‘œğ’»ğ“ğ“Šğ“ğ“Šğ“‡ğ“@lofluxury,Morocco,"Fashion
Lifestyle
Modeling",134.8K,2.10%
78,579,,Yassine hairstyle@yassine_hairstyle,Morocco,"Styling
Fashion
Hair Salons",134.7K,2.90%
79,580,,Patrick Baiata Official@patrick_baiata,Morocco,"Fashion
Modeling",133.4K,3.00%
80,581,,Bouchama wafaağŸª@sahara_glamour_,Morocco,"Fashion
Modeling",132.5K,0.10%
81,582,,ğŸŒ•ğŸŒ–ğŸŒ‘ï·½ Ø³ÙŠ Ù…Ø­Ù…Ø¯ Ø­Ø¯ÙˆØ² ğŸŒ‘ğŸŒ–ğŸŒ•â“‚ï¸ï¸ï¸ï¸@simohamedhaddouz1,Morocco,"Fashion
Modeling
Fashion Design",132.2K,0.80%
82,583,,ğŸ‘‘ Mly Amine Daoui Batma ğŸ‘‘@aminedaoui.officiel,Morocco,Modeling,132K,0%
83,584,,Nasser36ğŸ˜‚ğŸ¬@nassertv1,Morocco,"Fashion
Beauty
Modeling",132K,12.00%
84,585,,Zakaria Mohafid | Lmech ğŸ±@zakariamohafid,Morocco,"Fashion
Modeling
Lifestyle",131K,1.40%
85,586,,Chikito Lema Mabidi Officiel@chikitolemamabidi,Morocco,"Soccer
Sports",130.9K,2.60%
86,587,,Ø®ÙØ§Ù„ÙŒØªÙŠ ÙŒØ§Ù„Ø·Ù‘ÙÙŠÙØ§Ø¨ÙØ©@khalti_teyaba,Morocco,,130.6K,0.20%
87,588,,AwAtiFâ–ªï¸Fashionista/Youtuber@assrarbeauty,Morocco,"Fashion
Moms
Lifestyle",130.5K,0.20%
88,589,,Mouhcine Malzi@mouhcinemalziofficiel,Morocco,"Actors
Lifestyle
Sports
Music",130.5K,2.20%
89,590,,a l i c e + g a b y@leriadyasmine,Morocco,"Photography
Nature & Outdoors
Travel
Architecture",130.3K,1.20%
90,591,,ğŸ¼ O T H M A N - M A Y O R ğŸ¼@othman.mayor,Morocco,"Music
Singer",130.1K,0.10%
91,592,,Ù„Ø§Ù„Ø©_Ø¹Ø¯ÙŠÙ„Ø©_Ø§Ù„Ù…ÙØ±ÙŠØ¨ÙŠØ©@lala_3adila,Morocco,"Fashion
Gym
Modeling",130.1K,0.30%
92,593,,Nadia Kounda@nadiakoundaofficial,Morocco,"Actors
Lifestyle
Fashion
Sports",129.8K,2.60%
93,594,,ğ•²ğ–“ğ–†ğ–œğ–@gnawiofficial,Morocco,Modeling,129.5K,6.00%
94,595,,Fatiha amine   ÙØªÙŠØ­Ø© Ø§Ù…ÙŠÙ†@fatihaamineofficiel,Morocco,,129K,0.30%
95,596,,Maroc/Ø§Ù„Ù…ØºØ±Ø¨ğŸ‡²ğŸ‡¦@maryembout,Morocco,"Fashion
Lifestyle
Modeling",128.1K,0%
96,597,,Salma Oubriim Fashion designer@salma_oubriim_fashiondesigner,Morocco,"Fashion
Lifestyle
Fashion Design",127.2K,0.10%
97,598,,Micha PT@michafit,Morocco,"Training
Fitness
Coaching",127K,7.20%
98,599,,Zina official@9anatzina,Morocco,Fashion,126.9K,0.30%
99,600,,ğŸ‘‘anass69666ğŸ‘‘@hox_khoo,Morocco,"Soccer
Fashion",126.5K,0.10%
0,601,,soufianballouk@soufian.ballouk,Morocco,"Training
Fitness
Coaching",126.5K,2.30%
1,602,,Aji nsewlek@ajinsewlek,Morocco,"Fashion
Lifestyle",126.4K,2.30%
2,603,,Andal Hassisni@andalhassisni,Morocco,"Lifestyle
Music
Singer",125.8K,1.10%
3,604,,Ø¹Ø¨Ø¯Ø§Ù„Ø±Ø­ÙŠÙ… Ø§Ù„Ù…ÙˆÙŠØ³ÙŠ@abderrahim_mouissi,Morocco,,125.7K,0.10%
4,605,,International Moroccan beauty@bnat_almaghrib,Morocco,"Fashion
Lifestyle
Beauty",125.6K,0.30%
5,606,,ğŸŒ¹ WELCOME TO | SK.SALIMAğŸŒ¹@sk.salima,Morocco,"Fashion
Lifestyle
Styling",125.5K,0%
6,607,,CinÃ©.Rouge@cine.rouge,Morocco,,125.2K,1.10%
7,608,,G h  a s s a n ØºØ³Ø§Ù†@ghassanofficiel,Morocco,"Fitness
Coaching
Training",124.8K,1.00%
8,609,,cosmetic_care_karim@cosmetic_care_karim,Morocco,,124.7K,0.10%
9,610,,Electrophone ğŸ”¹@fashion_sud00,Morocco,Lifestyle,124.7K,0.90%
10,611,,Ù…Ø±ÙŠÙ… | Mariem@mariembeautiness,Morocco,"Fashion
Lifestyle
Beauty
Hair & Beauty",124.1K,1.70%
11,612,,hafssa el cooking@hafssa_cooking8,Morocco,"Food
Cooking
Chef",124K,1.10%
12,613,,AÍœÍ¡sÍœÍ¡mÍœÍ¡aÍœÍ¡eÍœÍ¡@asmae_accessories_shop,Morocco,"Fashion
Art
Modeling",123.9K,0%
13,614,,Ø¹Ø¯Ø³Ø§Øª  SEE  LENSğŸ‡²ğŸ‡¦@se__lens,Morocco,"Fashion
Beauty
Art",123.5K,0%
14,615,,Reda El Alaoui | Ø±Ø¶Ù€Ø§ Ø§Ù„Ø¹Ù„Ù€ÙˆÙŠ@redaelalaouiofficial,Morocco,"Modeling
Fashion",122.9K,1.10%
15,616,,Ø§Ù„Ù‡Ø§Ù¾ÙŠ@lhaapy,Morocco,"Fashion
Gym
Modeling",122.8K,0.03%
16,617,,Nahed Rachad@nahedrachad,Morocco,"Lifestyle
Sports
Modeling",122.3K,0.20%
17,618,,Abdelilah Ayoubi@ayoubistudio,Morocco,"Fashion
Modeling
Lifestyle",122K,0%
18,619,,El Ghalia Boussoula@ghalia_bossola,Morocco,,121.9K,0.50%
19,620,,El Ghazy Hamza@elghazy_hamza,Morocco,"Modeling
Fashion
Photography
Celebrities
Hair & Beauty",121.6K,0.20%
20,621,,Top Commentaire Marocaine@x.dayler.x,Morocco,,120.9K,0.50%
21,622,,ğŸ‘‘QUEEN OF INNOCENCEğŸ‘‘@firdaousseelwardi,Morocco,"Fashion
Modeling
Lifestyle",120.7K,0.90%
22,623,,@elhajoujileilarafinity,Morocco,"Fashion
Jewelry
Design",120.5K,0.40%
23,624,,Nouhaila Dl@nouha_dl_,Morocco,,120.4K,0.40%
24,625,,My Dear Morocco@mydearmorocco,Morocco,"Travel
Photography
Nature & Outdoors
Architecture",120K,0.80%
25,626,,Omar El Mekkaoui@oelmekkaoui,Morocco,"Fashion
Lifestyle
Travel",119.9K,18.80%
26,627,,Pinkbarnails&spa@pinkbaronglerie,Morocco,"Lifestyle
Fashion",119.8K,0%
27,628,,||ğ“¼ğ“¸ğ“¾ğ“¯ğ“²ğ“ªğ“·ğ“®||è‹è²å®‰||ğŸ‡²ğŸ‡¦ğŸ‡«ğŸ‡·@mr_soufiane_crazyi,Morocco,"Bikini
Fashion
Modeling
Celebrities
Design
Hair & Beauty",119.8K,1.40%
28,629,,M E R Y A M    F A D E L@rim_sweet_home,Morocco,"Design
Interior Design
Lifestyle",119.6K,0.80%
29,630,,Houda Larini@larinihouda,Morocco,"Luxury
Fashion",119.6K,0.60%
30,631,,Twin N Twice@twinntwice,Morocco,"Music
Singer
Entertainment",119.1K,2.70%
31,632,,Maryam Rasd@z2uw,Morocco,,119.1K,0.60%
32,633,,Patrice Beaumelle@patricebeaumelle,Morocco,Soccer,118.9K,0.80%
33,634,,Ø£Ø³Ø±Ø§Ø± Ø§Ù„Ø¬Ù…Ø§Ù„ ğŸŒ´@miyem_beauty2,Morocco,"Fashion
Lifestyle
Celebrities",118.2K,0.40%
34,635,,ğŸ“Ù†Ø±Ø¬Ù€Ù€Ù€Ù€Ø³@narjismaahi,Morocco,Art,117.9K,0.30%
35,636,,Hikmate Ø­ÙƒÙ…Øª@hikmateofficial,Morocco,,117.9K,0.50%
36,637,,Ø§Ù†Ø³Ø·Ø§ Ø·Ù†Ø¬Ø§ÙˆÙŠ |Insta TanjaOui@insta_tanjaoui,Morocco,,117.7K,1.60%
37,638,,INTERNATIONAL  PHOTOGRAPHER  ğŸ“·@othmanbenhaddouch,Morocco,"Photography
Technology",117.6K,0.60%
38,639,,Sonia Guerraoui ØµÙˆÙ†ÙŠØ© Ø§Ù„Ú¯Ø±Ø§ÙˆÙŠ@lateliersoniacouture,Morocco,"Fashion
Fashion Design
Lifestyle",117K,0.70%
39,640,,Mautassin@mautassin,Morocco,"Fashion
Lifestyle",116.8K,0.10%
40,641,,tazi_oficial ğŸ‡²ğŸ‡¦ğŸ”¹@tazi_oficial,Morocco,,116.7K,0.70%
41,642,,M A J D O U L I N E ğŸ•Š.@majdouulin,Morocco,"Modeling
Fashion",116.6K,0%
42,643,,Yusra Idrissi@moroccanmusthaves,Morocco,"Fashion
Lifestyle",116.2K,1.20%
43,644,,AZZEDNE FETOUHI@azzedinefetouhi,Morocco,Writers,115.9K,3.10%
44,645,,Ø¶Ø§Ø¨Ø· Ø§Ù„Ù…Ø´Ø§Ù‡ÙŠØ± ğŸ‘®@dabit_almashahir,Morocco,"Fashion
Gym
Modeling",115.8K,0.40%
45,646,,á¾â„³á¯â„› Ğ…â„¬á¯â„ ğŸ¥€@its.seok,Morocco,"Fashion
Lifestyle
Modeling",115.7K,1.20%
46,647,,H & N âœ¨@h.n_creation,Morocco,Fashion,115.5K,0.60%
47,648,,SAAD ABID@saadabidofficiel,Morocco,Surfing,115.5K,1.10%
48,649,,Abderrafia El Abdioui@abderrafia_elabdioui,Morocco,"Modeling
Fashion",115.5K,0.90%
49,650,,Salma Raiss El Fenni@aminasdaughtershautecouture,Morocco,"Fashion
Fashion Design
Lifestyle",114.9K,0%
50,651,,Australian Medical Centre@australian_medical_centre,Morocco,"Lifestyle
Sports",114.8K,0.10%
51,652,,Hani Khattab@hanikhattab.official,Morocco,"Modeling
Singer",114.4K,1.40%
52,653,,Bad Flow Ø¨Ø§Ø¯ ÙÙ„Ùˆ@badflow.official,Morocco,"Music
Modeling
Singer",114.3K,1.70%
53,654,,Badr Akhlouf ğŸ‡²ğŸ‡¦Ø¨Ø¯Ø±Ø§Ù„Ø¯ÙŠÙ† Ø£Ø®Ù„ÙˆÙ@badr_akhlouf,Morocco,"Actors
Modeling
Music",114.2K,1.50%
54,655,,ğŸ€ emone beauty ğŸ€@emone_beauty,Morocco,"Fashion
Lifestyle
Modeling",113.6K,0.80%
55,656,,K H A O U L A | Ø®ÙˆÙ„Ø©@by_khaoula,Morocco,"Fashion
Lifestyle",113.5K,2.30%
56,657,,Hajar   ğŸµ    Ù‡Ø¬Ø±@hajarsdofficial,Morocco,"Modeling
Singer
Music",113.5K,1.30%
57,658,,Skowza@zakariae_mouwafaq,Morocco,,112.8K,0.10%
58,659,,Regina@regiwafae,Morocco,"Modeling
Music",112.3K,0.50%
59,660,,Leila El Berrak Ù„ÙŠÙ„Ù‰ Ø§Ù„Ø¨Ø±Ø§Ù‚@leilaelberrak,Morocco,"Music
Modeling
Lifestyle",112.3K,0.40%
60,661,,Beniiz'art Ø²ÙŠÙ†Ø¨@beniizart,Morocco,"Design
Interior Design
Lifestyle",112.2K,0%
61,662,,Hasnaa Friki@hasnaafriki,Morocco,"Art
Beauty",112K,0.30%
62,663,,Ayasri Luxury@a_ayasriluxury,Morocco,"Luxury
Fashion",111.7K,0.10%
63,664,,Ø¹Ù„Ù…ØªÙ†ÙŠ Ø§Ù„Ø£Ù…ÙˆÙ…Ø©@ilhamnejjariofficiel,Morocco,Moms,111.6K,0.30%
64,665,,ğŸ’ SOUHAIRğŸ’ ğŸ’BEAUTY  ğŸ’@souhair.beauty,Morocco,"Modeling
Fashion",111.6K,0.60%
65,666,,said jrifi | Ø³Ø¹ÙŠØ¯ Ø¬Ø±ÙŠÙÙŠ@saidjrifi,Morocco,"Technology
Photography
Film, Music & Books",111.5K,0.60%
66,667,,"Klomklinsuk, J.@kararannn",Morocco,"Streetwear
Shoes
Fashion",111K,1.00%
67,668,,SALLY LASELY Ø³Ø§Ù„ÙŠ Ù„Ø§Ø²Ù„ÙŠ@badass_lasely,Morocco,"Fitness
Training
Coaching",110.3K,9.20%
68,669,,ğŸ‘‘âš«ï¸Ø§Ù„ÙˆØ¯Ø§Ø¯ Ø§Ù„Ø±ÙŠØ§Ø¶ÙŠ âš«ï¸ğŸ‘‘@wydad_family05,Morocco,"Fashion
Gym
Modeling",110.2K,2.10%
69,670,,Soufiane Agn@agnsoufiane,Morocco,"Fashion
Modeling
Lifestyle",110.1K,12.80%
70,671,,Tarek Hamwieh@tarekhamwieh,Morocco,"Fashion
Coaching
Fitness",109.7K,0.50%
71,672,,Galaxy_pool@galaxy_pool,Morocco,,109.4K,0.60%
72,673,,Cuisine oum Nidal@cuisineoumnidal,Morocco,"Chef
Food",109.2K,0.60%
73,674,,ZILA RUSSI@zilarussi.shoes,Morocco,Shoes,108.7K,0.10%
74,675,,ÙƒÙˆØ«Ø± ğŸ’ Ø§Ù„-ÙŠØ§Ù‚ÙˆØª@el_yaqout,Morocco,"Beauty
Art
Lifestyle",107.9K,1.30%
75,676,,Festival Mawazine@mawazine,Morocco,"Events
Lifestyle
Fashion",107.8K,1.00%
76,677,,Saad Lamjarred ğŸ‡²ğŸ‡¦@_saad_lamjarred,Morocco,,107.5K,0.50%
77,678,,Rafinity Haute Couture@rafinityhautecouture,Morocco,"Fashion
Fashion Design",107.5K,0.40%
78,679,,ï·½@selma.laacha,Morocco,"Music
Singer
DJ",107.5K,0.60%
79,680,,Hind_ague@hind_ague,Morocco,Fashion,107.4K,4.70%
80,681,,Camille Petrouvi@camillepetrouvi,Morocco,"Art
Beauty
Business",107.3K,0.40%
81,682,,Mehdy Nejmeddine@nejmeddiine,Morocco,"Fashion
Travel
Journalists",107.3K,1.60%
82,683,,Inspiring Model/Influencer@imansymonds,Morocco,"Moms
Fashion
Modeling",107K,1.90%
83,684,,nouamaneounaceur1| Ù†Ø¹Ù…Ø§Ù† Ø§Ù†Ø§ØµØ±@nouamaneounaceur1,Morocco,,106.9K,0.30%
84,685,,Hajar Anabir@theroutinebyhajar,Morocco,"Celebrities
Fashion
Design",106.1K,2.20%
85,686,,Fatine ZaÃ¯mi âœ¨@fatine_zaimi,Morocco,"Lifestyle
Fashion
Photography",106.1K,4.10%
86,687,,NAYA@nadyalakkioui,Morocco,"Actors
Fashion
Modeling
Styling",105.6K,0%
87,688,,Ù…Ø·Ø¨Ø® Ø§Ù… Ø§Ù†Ø³@matbakh_om_anas,Morocco,"Food
Cooking",105.5K,0.70%
88,689,,Abdou Rhanem@abdourh,Morocco,"Modeling
Film, Music & Books
Design",105.4K,9.70%
89,690,,Hajar Beauty@hajar.beauty,Morocco,"Fashion
Lifestyle
Beauty",105.3K,1.00%
90,691,,ğŸŒ¹   ï·½  ğŸŒ¹@chaimaeelriffi,Morocco,Fashion,105K,0%
91,692,,Zineb Tmoulik@zinebtmk,Morocco,"Fashion
Lifestyle
Styling",104.9K,3.00%
92,693,,"Making History.[NL,FR,D,ES,MA]@morocco.nl",Morocco,"Music
Modeling",104.9K,1.70%
93,694,,Redouane Diri Ø±Ø¶ÙˆØ§Ù† Ø§Ù„Ø¯ÙŠØ±ÙŠ@diriredouane,Morocco,,104.5K,0.30%
94,695,,AblaØ¹ÙRaafat@ablaraafat,Morocco,"Lifestyle
Fashion
Modeling",104.1K,0.50%
95,696,,Ø§Ù„ÙˆØ¯Ø§Ø¯ Ø§Ù„Ø§Ù…Ø© â‚©@wydad.lagrande,Morocco,Soccer,103.9K,0.50%
96,697,,Ritaj Mays ğŸ•Š@ritaj_mays,Morocco,"Modeling
Art
Fashion",103.8K,1.10%
97,698,,A D I L  B E N H E R R O U ğŸ‘‘@adil.benherrou,Morocco,Modeling,103.6K,0%
98,699,,Julien Scussel@julienscussel,Morocco,"Soccer
Modeling",103.3K,1.70%
99,700,,ACHRAF TOUDA@achraftouda97,Morocco,,103.2K,0%
0,701,,ğŸ“â€¢â€¢REAL FULLA OFFICIELÂ®â€¢â€¢ğŸ“@__fulla_officiel__,Morocco,,102.9K,0.01%
1,702,,Houda Rihani@houda_rihani,Morocco,,102.7K,1.60%
2,703,,NESSYOU@ne2s_u,Morocco,Music,102.5K,10.50%
3,704,,AHLAM HADDAD@ahlammhaddad,Morocco,"Fashion
Beauty
Lifestyle",102.5K,6.60%
4,705,,Issam Zayoun | Ø¹ØµØ§Ù… Ø²ÙŠÙˆÙ† â“‚ï¸@issamzayounofficiel,Morocco,"Fitness
Gym
Coaching",102.2K,1.00%
5,706,,Halima Mourid@halimamourid,Morocco,,101.9K,1.40%
6,707,,Smartphone@pro_shop00,Morocco,"Fashion
Lifestyle",101.7K,0.10%
7,708,,Page musulmane Ã  100%@musulmans_couples,Morocco,"Modeling
Art
Music",101.7K,0.50%
8,709,,OumaimağŸ’™Â  lllÂ Â ğŸ’™Ø¢Ù…ÙŠÙ…Ø©@ouma_official1,Morocco,"Lifestyle
Fashion
Sports",101.5K,0%
9,710,,Dima Lbegiss ğŸ‡ºğŸ‡¸@lbegiss7,Morocco,"Lifestyle
Fashion
Modeling",101.3K,0.30%
10,711,,ultrasHbirkousafae@hbirkousafaa_officiel,Morocco,"Fashion
Modeling
Beauty",100.9K,2.20%
11,712,,â€¢ F T   C H A N â€¢ ğŸ â€¢ í”¼íŠ¸ ì°¬ â€¢@ft.chan,Morocco,"Fashion
Lifestyle",100.8K,2.40%
12,713,,Diamantine Officiel@diamantinemaroc,Morocco,"Lifestyle
Fashion",100.2K,0%
13,714,,SUMMAR HUNJAN@iservetheface,Morocco,"Hair & Beauty
Fashion
DIY & Crafts
Celebrities",100.2K,5.10%
14,715,,YAAKOUB KHATIM@yaakoubkhatim,Morocco,Moms,100.1K,16.20%
15,716,,CHAIMAE || ğŸ€Ø´ÙŠÙ…Ø§Ø¡@chaimaae_laa,Morocco,"Fashion
Lifestyle
Modeling",100.1K,1.30%
16,717,,Ù…Ø­Ø¨ÙŠ Ø§Ù„Ø±Ø¬Ø§Ø¡ Ø§Ù„Ø¹Ø§Ù„Ù…ÙŠ@mo7ibi_raja_alami_page_oficiel,Morocco,"Coaching
Training
Fitness",99.8K,0.70%
17,718,,Souad ELMAAROUFI@souadilyas,Morocco,,99.8K,0.10%
18,719,,Ù…Ø·Ø¨Ø® ÙØ§Ø·Ù…Ø© Ù†ÙˆØ±@fatimanorcuisine_,Morocco,,99.7K,0.10%
19,720,,â €â €â €â €  â €â € â €â €â €â €â €      ğŸ‡²ğŸ‡¦@tanjawaa,Morocco,,99.6K,0.90%
20,721,,ØºØ²Ù„Ø§Ù† Ø§Ù„Ø¹Ø¨Ø§Ø¯ÙŠğŸ‘‘@ghizlane_abadi,Morocco,"Fashion
Photography
Modeling",99.3K,1.10%
21,722,,Sana Moghli@sanamoghli,Morocco,"Fashion
Modeling",98.6K,0.20%
22,723,,ØºØ§Ø¯ÙŠ ØªØ¶Ø­Ùƒ Ø¨Ø²Ø² Ù…Ù†ÙƒğŸ˜‚@maroc.comedy,Morocco,"Modeling
Singer
Music",98.4K,1.20%
23,724,,Safa Bennamate@safabennamate,Morocco,"Lifestyle
Sports
Fashion",98.3K,2.50%
24,725,,Amina Elaouni | Miss Morocco@aminaelaouniofficial,Morocco,"Fashion
Modeling",98.2K,0.30%
25,726,,Amine & Ghita âœˆ Travel Couple@jerrypeps,Morocco,"Travel
Fashion
Lifestyle",98.2K,2.50%
26,727,,Tarek Bereddad@tarekbereddad,Morocco,Photography,98.1K,0.20%
27,728,,Hanane Amjad - Ø­Ù†Ø§Ù† Ø£Ù…Ø¬Ø¯@hananeamjad,Morocco,"Actors
Music",98K,0.50%
28,729,,sahara beauty@sahara.beauty,Morocco,"Hair & Beauty
Fashion
Celebrities",98K,0.20%
29,730,,Tmax ğŸ‡©ğŸ‡¿@tmax_dz,Morocco,,97.9K,0.70%
30,731,,SOFIA EL ARABI@sofiaelarabii,Morocco,"Fashion
Modeling",97.8K,3.10%
31,732,,Brayan Paquim@brayan_paquim,Morocco,"Fashion
Lifestyle
Celebrities
Technology",97.6K,1.70%
32,733,,Hanaa Dancehall@hanaa_dancehall,Morocco,"Lifestyle
Fashion",97.3K,1.50%
33,734,,Model/Youtuber/Comedian@d_o_x_x_y,Morocco,"Modeling
Fashion
Actors",97.2K,2.50%
34,735,,Anass Eladssaoui@anaselaadssaoui,Morocco,Modeling,97.1K,5.30%
35,736,,Maroc Telecom@maroctelecom,Morocco,,97K,0.10%
36,737,,Signature By Guennoun@signaturebyguennoun,Morocco,"Fashion
Fashion Design
Design",96.8K,0.30%
37,738,,ğŸ‡²ğŸ‡¦   Makeup By Dounia   ğŸ’„@makeupby_dounia,Morocco,"Art
Beauty
Fashion",96.6K,0.80%
38,739,,Ø±Ø§Ù†ÙŠØ© Ø§Ù„Ø·Ø§Ù‡Ø±ÙŠ ğŸ¥€|Ranya Ettahiri@ettahiriranya_official,Morocco,"Fashion
Lifestyle
Modeling",96.4K,3.10%
39,740,,Fatine Benchekroun@benchekrounfatine,Morocco,Fashion,95.9K,0.40%
40,741,,Proudly Moroccan ğŸ‡²ğŸ‡¦@majdaelmans,Morocco,"Fashion
Modeling
Fashion Design",95.8K,0.20%
41,742,,ÙƒØ§Ù…ÙŠÙ„ÙŠØ§ Ù…Ø¬Ø§Ù‡Ø¯ ğŸ‡²ğŸ‡¦@kamiliamoujahid.official,Morocco,"Modeling
Fashion
Dance",94.9K,0.90%
42,743,,walid chakouri@walidchakouri23,Morocco,"Business
Entrepreneur",94.7K,2.00%
43,744,,Blood brothers ğŸ’ª@blood_brothers05,Morocco,"Coaching
Training
Fitness",94.6K,1.60%
44,745,,ğŸ’B A S S M AğŸ’@bassma_sid,Morocco,Fashion,94.3K,1.50%
45,746,,ğŸ¬ Ø­Ù€Ù€Ù€Ù€Ù€Ù€Ù€Ù€Ù€Ù€Ù€Ù€Ù€Ø§Ø¬Ø© Ù…Ø²ÙŠÙ€Ù€Ù€Ù€Ø§Ù†Ø©@sulaiman_afrij,Morocco,"Modeling
Actors",94.2K,9.50%
46,747,,Kaoutar El ğŸ˜Š@kaoutar_el_2,Morocco,"Art
Beauty
Fashion",94K,0%
47,748,,MGHARBA FAMILY.Ù…ØºØ§Ø±Ø¨Ø© ÙØ§Ù…ÙŠÙ„ÙŠ@mgharba_family_,Morocco,"Fashion
Modeling",93.9K,0.20%
48,749,,âœ¨ || BiENVENUE Ã€ TOUS || ğŸ‡©ğŸ‡¿@photo__damour,Morocco,"Dogs
Pets",93.3K,0.50%
49,750,,Mehdi Lebchiri || Ù…Ù‡Ø¯ÙŠ Ø§Ù„Ø¨Ø´ÙŠØ±ÙŠ@iamlebchiri,Morocco,"Fashion
Lifestyle
Art",93.3K,5.10%
50,751,,Welcome To My Kitchen Â©@yass_cooking,Morocco,"Lifestyle
Sports
Fashion",92.9K,4.80%
51,752,,Alaoui Traiteur Tanger@alaouitraiteurtanger,Morocco,Events,92.9K,0.30%
52,753,,Abayachicshop@abayachicshop2,Morocco,"Fashion
Lifestyle",92.5K,0%
53,754,,Bahou Hamza@ba70u,Morocco,"Fashion
Modeling
Lifestyle",92.2K,2.30%
54,755,,Abdealitawfik@abdealitawfik,Morocco,"Fashion
Modeling
Lifestyle",92.1K,1.30%
55,756,,Moroccan heartğŸ‡²ğŸ‡¦ğŸ‡²@moroccan_heart85,Morocco,,92K,0%
56,757,,Mohamed Lamnabhi | Ù…Ø­Ù…Ø¯ Ù„Ù…Ù†Ø¨Ù‡ÙŠ@lamnabhi,Morocco,,91.7K,15.90%
57,758,,Salwa JDğŸ‡²ğŸ‡¦'@salwa.jd,Morocco,"Modeling
Fashion
Lifestyle",91.6K,2.60%
58,759,,Chef Chouhaib  â¤µâ“‚ï¸ğŸ‡²ğŸ‡¦ğŸ‡²ğŸ‡¦ğŸ‡¦ğŸ‡ª@chefchouhaib__,Morocco,"Chef
Food",91.5K,0.20%
59,760,,laila Boussalman makeup artist@laila.boussalman,Morocco,"Art
Beauty
Events",91.5K,0.60%
60,761,,tv-program presenter@bouchracharaf,Morocco,"Lifestyle
Sports
Journalists",91.5K,2.20%
61,762,,UniqueShop ( US Brands SARL )@uniqueshop_morocco,Morocco,"Beauty
Lifestyle
Fashion",91.2K,0%
62,763,,Mourad Bouriki / Ù…Ø±Ø§Ø¯ Ø¨ÙˆØ±ÙŠÙ‚ÙŠ@mourad_bouriki,Morocco,,91.1K,0.20%
63,764,,Orthosmile Maroc Dental Clinic@orthosmilemaroc,Morocco,,91.1K,0.20%
64,765,,Amine Idbenmouh@amiine.officiele,Morocco,"Fashion
Lifestyle
Styling",90.6K,0.06%
65,766,,AyoubHamomi@ayoubhamomi,Morocco,"Moms
Fashion
Lifestyle",90.4K,0.30%
66,767,,Reem ğŸ‡²ğŸ‡¦@reem.officiel,Morocco,"Actors
Singer
Music
Modeling",90.3K,1.20%
67,768,,Adil Belhajjam Ø¹Ø§Ø¯Ù„ Ø¨Ø§Ù„Ø­Ø¬Ø§Ù…@belhajjamadil,Morocco,,90.3K,1.10%
68,769,,Ø§Ù†Ø³Ø·Ø§ Ù…Ø§Ø±ÙˆÙƒ Ø§ÙˆÙÙŠØ³ÙŠØ§Ù„ ğŸ‘»@insta_maroc_officiel,Morocco,"Fashion
Gym
Modeling",90.1K,0.50%
69,770,,ğŸ”± Oussama | Ø£Ø³Ø§Ù…Ø© ğŸ”±â„¢@oussama_criss,Morocco,"Modeling
Fashion
Lifestyle",90K,0.90%
70,771,,bijouterie.jawhara@bijouterie.jawhara,Morocco,,89.9K,0.20%
71,772,,â¤ğŸ’š ØµÙØ­Ø© Ù…ØºØ±Ø¨ÙŠØ© ğŸ’šâ¤@moroccan_crazy,Morocco,,89.9K,1.10%
72,773,,harit ch@ahmouchharit,Morocco,"Modeling
Fashion
Art",89.4K,2.40%
73,774,,CamÃ©lia El Badia@mimabycami,Morocco,"Fashion
Lifestyle",89.2K,15.50%
74,775,,Mohamed El Mir@anouarelmir,Morocco,,89.2K,1.30%
75,776,,WEST #TheGhost@westofficiel,Morocco,"Music
Singer
Producers",89.2K,1.80%
76,777,,Espada Yassine@espada.yassinee,Morocco,"Photography
Travel
Portraits
Celebrities
Fashion
Hair & Beauty
Technology",89.1K,2.30%
77,778,,mohamed benradi@mohamed_benradi,Morocco,"Modeling
Technology
Photography",89K,0%
78,779,,ASMA youtuber@asmaschannel,Morocco,"Moms
Dogs
Pets",88.9K,5.80%
79,780,,ğŸ€ ASMA ğŸ€@nasma.couture,Morocco,"Fashion
Modeling",88.7K,0%
80,781,,Beauty Time@beauty_time_le_blog,Morocco,"Beauty
Lifestyle
Fashion
Photography",88.7K,0.90%
81,782,,Ø³Ù„Ø·Ø§Ù†Ø©@miley.officiel,Morocco,,88.7K,6.50%
82,783,,Salon-nice-hair-agadir@salon.nice.hair.agadir,Morocco,"Styling
Hair Salons
Art",88.2K,0%
83,784,,Sami Hamza@hamza_ssami,Morocco,"Band
Modeling
Music",87.8K,17.30%
84,785,,Caftans haute couture@mescreationsbysanaaberrada,Morocco,"Fashion
Fashion Design
Lifestyle",87.8K,0.10%
85,786,,MorrocanğŸ‡²ğŸ‡¦@ell_sallma,Morocco,"Fashion
Modeling
Lifestyle",87.7K,2.40%
86,787,,Maison Majorelle Tanguif@maisonmajorelletanguif,Morocco,"Events
Fashion
Modeling",87.7K,6.50%
87,788,,ØµÙØ­Ø© Ù…ØºØ±Ø¨ÙŠØ© Ø¨Ø§Ù…ØªÙŠØ§Ø² ğŸ’¯@bonjour_les_marocains,Morocco,"Styling
Modeling
Art",87.4K,1.70%
88,789,,ğŸ”˜ LOVE B'DARIJA ğŸ”˜@love_bdarija,Morocco,,87.3K,2.40%
89,790,,MAROKINOOFFICIAL@marokinoofficial,Morocco,Fashion,86.9K,1.40%
90,791,,ğŸ”¹MyProteinÂ® TeamMate ğŸ”¹ ğŸ‘¦ğŸ½ğŸ›¡@younes_essoussi,Morocco,"Lifestyle
Sports
Fitness",86.2K,4.80%
91,792,,Oussama Tounsi | Ø£Ø³Ø§Ù…Ø© ØªÙˆÙ†Ø³ÙŠ@oussamatounsiofficiel,Morocco,"Fashion
Lifestyle
Art",86.1K,0.60%
92,793,,DIYğŸŒºVIDsğŸŒºMY HOMEâ“‚ï¸@home_icing,Morocco,"Design
Moms
Interior Design",86.1K,0.70%
93,794,,Saoussane Hmidouch@affordably0chic,Morocco,"Fashion
Lifestyle",86K,3.20%
94,795,,Snapchat : Najwasaleh3ğŸ°@najwaabousaleh,Morocco,"Modeling
Art
Music",85.9K,0%
95,796,,El Bradi Reda@reda_elbradi,Morocco,"Lifestyle
Fashion
Modeling",85.8K,1.20%
96,797,,Maghreb voices@maghrebvoices,Morocco,,85.7K,0.70%
97,798,,Glamour Makeup OfficialAccount@glamour.makeup.ma,Morocco,"Beauty
Art
Business",85.7K,0%
98,799,,Riad BE Marrakech@bemarrakech,Morocco,"Travel
Fashion",85.7K,1.00%
99,800,,BADRYDERâ„¢ï¸@badryderofficial,Morocco,,85.6K,8.20%
0,801,,ZEY ~ Designer ~ Food Lover ğŸ’•@zey_fashion,Morocco,"Fashion
Modeling
Lifestyle",85.4K,0.20%
1,802,,Maurits@maurits_88,Morocco,"Fashion
Travel
Lifestyle",85K,1.90%
2,803,,âœ’Ø£Ù†Ø²ÙˆÙ…âœ’@khadijaanazoum,Morocco,"Fashion
Modeling",84.9K,0.40%
3,804,,Sanae Beni Azza@bnsanae,Morocco,,84.6K,0.80%
4,805,,SARA COELHO ANSARI ğŸ‡²ğŸ‡¦ğŸ‡µğŸ‡¹@saracoelhoansari,Morocco,"Fashion
Lifestyle",84.5K,0.40%
5,806,,S O R A Y A ØµÙˆØ±ÙŠØ©@themoroccansoraya,Morocco,"Fashion
Styling
Lifestyle
Hair & Beauty
Celebrities",84.5K,2.70%
6,807,,NÂ°1 Du Fitness au Maroc@cityclub.officiel,Morocco,"Fitness
Coaching
Training",84.4K,0.10%
7,808,,Ø¹Ø´Ø§Ù‚ Ø§Ù„ÙˆØ¯Ø§Ø¯ â™¡@wydad_lovers,Morocco,Art,84.3K,0.50%
8,809,,Lady Zee@lady_zee_life,Morocco,"Fashion
Modeling",84.3K,1.80%
9,810,,Ouassila Sabhi Officiel@ouassilasabhiofficiel,Morocco,"Fashion
Modeling",84.2K,1.50%
10,811,,Sohaib Mâ€™r ğŸ˜@sohaibmoulayrachid,Morocco,"Modeling
Fashion",84K,2.90%
11,812,,Ø£Ù… Ø¹Ø¨Ø¯ Ø§Ù„Ù„Ù‡ ğŸ’@koko__053,Morocco,"Fashion
Gym
Modeling",83.8K,0%
12,813,,Klass-A@klass_a,Morocco,"Singer
Music",83.7K,7.60%
13,814,,Ù…Ø­Ù…Ø¯ ÙŠØ­ÙŠ@idyahia,Morocco,,83.6K,5.20%
14,815,,ayoubkrab â“‚@ayoub_krabchou,Morocco,,83.3K,3.10%
15,816,,Yassine Aabidi l ÙŠØ§Ø³ÙŠÙ† Ø¹Ø§Ø¨ÙŠØ¯ÙŠ@aabidiyassine,Morocco,"Fashion
Modeling
Lifestyle",82.9K,1.10%
16,817,,Riad El Omor /Ø±ÙŠØ§Ø¶ Ø§Ù„Ø¹Ù…Ø±ğŸ¶@riadelomor,Morocco,,82.6K,0.70%
17,818,,blogueuse ğŸ‘‘ğŸ’•@uqrame_,Morocco,"Lifestyle
Fashion
Beauty",82.6K,3.00%
18,819,,Abdellah Mountassir Skalli@mountassir1_official,Morocco,"Modeling
Fashion
Photography",82.5K,0.60%
19,820,,Ø®ÙŠØ± Ø¬Ù„ÙŠØ³@khairjaleesbook,Morocco,,82.5K,0.30%
20,821,,Amine Benjelloun Ø£Ù…ÙŠÙ† Ø¨Ù†Ø¬Ù„ÙˆÙ†@aminebenjelloun_official,Morocco,,82.4K,0.30%
21,822,,Lazrak@kenzalazrakmakeup,Morocco,"Actors
Lifestyle
Beauty
Fashion",82.4K,0.30%
22,823,,Z A C K E L M I R@zackelmir,Morocco,Modeling,82.3K,0%
23,824,,Ø¹ÙÙ€Ù€Ù€Ø¨Ù€Ù€ÙŠÙ€Ù€Ù€Ø±Ù’@abirbentaleb,Morocco,"Celebrities
DIY & Crafts
Art
Hair & Beauty",82.2K,0.04%
24,825,,Morocco Mall - Page Officielle@lemoroccomall,Morocco,"Lifestyle
Fashion",82K,0%
25,826,,ğŸ‡²ğŸ‡¦ØªÙ†Ø³ÙŠÙ‚ ÙˆØ±Ø¯ğŸŒ¹Ù‡Ø¯Ø§ÙŠØ§ğŸØ´Ø­Ù†ğŸššØ§Ù„Ù…ØºØ±Ø¨@chokrane.ma,Morocco,Fashion,81.7K,0.40%
26,827,,Kaoutar EssemmamiğŸ“@kaoutaressemmami,Morocco,"Fashion
Modeling",81.5K,3.00%
27,828,,Morocco Vacations@moroccovacations,Morocco,"Travel
Photography
Adventure",81.1K,0.70%
28,829,,MOHAMED EL MARNISSI@mohamed.elmarnissi,Morocco,"Cars
Audi",81K,15.30%
29,830,,Chakib Zemama@zemama35youtube___officiel,Morocco,,80.6K,2.50%
30,831,,Ø§Ø­Ø³Ø§Ù† Ø§Ù„ØºØ²ÙˆØ§Ù†ÙŠ@ihssane_elghazouani,Morocco,,80.6K,0.80%
31,832,,tá•¼e_â“¡â“”â“â“›â“â“’â“—â“¡â“â“•â“•â“â“â“˜â“¡â“” ğŸ‡²ğŸ‡¦ğŸ”‘@the_realachraffnaire,Morocco,Actors,80.6K,0%
32,833,,Mohamed Saad@mohamedsaadstudio,Morocco,"Modeling
Fashion
Photography",80.6K,0.20%
33,834,,ARTIST OF MYSELF@soldadotetouani1,Morocco,"Fashion
Lifestyle
Travel
Celebrities
Design
Hair & Beauty",80.2K,0.20%
34,835,,Guzman@anas.agh.7,Morocco,,80.1K,9.10%
35,836,,choycho@beautiful____chayaa,Morocco,"Music
Modeling",80.1K,0.60%
36,837,,Fatima Ezzahra Chefi@inlinewithtima,Morocco,"Moms
Fashion",80K,2.50%
37,838,,Achraf Elharoui@achraf_elharoui,Morocco,Soccer,80K,6.20%
38,839,,Groupe H-Kayne@hkayne_officiel,Morocco,"Lifestyle
Music",79.7K,0.60%
39,840,,Sophia Haffari@sophiahaffari,Morocco,"Fashion
Lifestyle
Travel",79.6K,0%
40,841,,Insaf Bennis@insaf.bennis,Morocco,"Lifestyle
Fashion",79.4K,1.30%
41,842,,Nabil Akaazoun@nabilkilluur,Morocco,"Soccer
Sports
Celebrities",79.3K,3.90%
42,843,,MalikağŸ‡²ğŸ‡¦ğŸ‡®ğŸ‡¹ğŸ‡«ğŸ‡·@imanyousra02,Morocco,,79.1K,0.30%
43,844,,@roukia_hamid,Morocco,"Lifestyle
Fashion
Beauty",79K,3.10%
44,845,,Melany Brown London@melanybrownmaroc,Morocco,Shopping,79K,0.30%
45,846,,Ø±Ø´Ø§ğŸ¥€@raacha__,Morocco,"Fashion
Lifestyle
Beauty",78.8K,8.00%
46,847,,Official Account ÙØªØ­ _ Ù‚Ù„Ø¨Ùƒ@fte7_9lbek,Morocco,,78.7K,0.10%
47,848,,Tarik Lakziz | Ø·Ø§Ø±Ù‚ Ù„Ù‚Ø²ÙŠØ²@tariklakziz,Morocco,Modeling,78.7K,0%
48,849,,My Workout Routine (salma)@my_workout_routine,Morocco,"Fitness
Coaching
Training",78.5K,8.00%
49,850,,EFE NATURAL CARE@efenaturalcare,Morocco,"Fashion
Travel
Lifestyle",78.4K,0%
50,851,,ğŸ©Lmentalist | Ø§Ù„Ù…ÙˆÙ†Ø·Ø§Ù„ÙŠØ³Øª ğŸ©@lmentalist,Morocco,"Fitness
Coaching
Training",78.3K,2.10%
51,852,,ğŸ’£ElharbiliğŸ’£Ø£Ø´Ø±Ù Ø§Ù„Ø­Ø±Ø¨ÙŠÙ„ÙŠğŸ’¥ğŸ’«@achrafelharbili1,Morocco,,78.1K,0.70%
52,853,,ALL36@all36_officiel,Morocco,"Music
Modeling",77.9K,3.30%
53,854,,Mizox FaidyğŸ†—@mizox_faidy,Morocco,"Fitness
Coaching
Gym",77.9K,0.20%
54,855,,Yassine Abouyaala@yassine_events,Morocco,,77.7K,1.20%
55,856,,Omeima@benhita_omeima,Morocco,"Modeling
Gym
Fitness",77.6K,1.30%
56,857,,Breezy@hamza_breezy,Morocco,"Fitness
Gym
Coaching",77.3K,3.60%
57,858,,Ø·Ø±ÙˆÙ„Ø§Øª Ù…ØºØ±Ø¨ÙŠØ© +17.5 Ø¬ÙŠÙ„ Ù‚ÙŠÙ…Ø´ ğŸ˜›@salama_trolls,Morocco,,76.9K,1.00%
58,859,,âšœï¸ğ“¡ğ“²ğ“¶ ğ“¯ğ“ªğ“´ğ“±ğ“ªğ“»ğ“²âšœï¸.@rim.fakhari,Morocco,Fashion,76.7K,3.60%
59,860,,YÎ±àª½àª½ià¸—à«¯ Aà«¨àª½àª½Î±â„“Î±à¸—à«¯ ğŸ‘‘@arssa_music,Morocco,"Music
Singer
Producers",76.6K,3.60%
60,861,,Anas Alasbahi 2@a.alasbahi02,Morocco,,76.5K,6.20%
61,862,,By Loupiland - Loubna@loupiland,Morocco,"Lifestyle
Fashion
Beauty",76.4K,0.50%
62,863,,Doha Al Jaouhari.â™Œ@dohaaljhr,Morocco,"Fashion
Lifestyle
Travel
Celebrities
Technology
Photography",75.8K,2.20%
63,864,,Sam Jones Â®ï¸@fashionbysamjones,Morocco,"Basketball
Fashion
Lifestyle",75.7K,0%
64,865,,Siham Idrissi@siham_idrissi_,Morocco,,75.7K,0.40%
65,866,,C H A I M A A  E L A T M A N I@chaimaaelatmani,Morocco,"Lifestyle
Fashion",75.6K,0.70%
66,867,,Leila B Makeup Artist@leila_b_makeup_artist,Morocco,"Art
Beauty",75.4K,1.50%
67,868,,LM  D R Î£ S S I N G Â®ï¸@lmdressing,Morocco,"Fashion
Lifestyle",75K,0.10%
68,869,,NAFiLi Hassna@nhluxurybridalstylist,Morocco,"Fashion
Styling
Lifestyle",74.9K,0.60%
69,870,,Hamza Malyani (HAMZINO)@hamzino.official,Morocco,"Travel
Fashion
Photography",74.7K,1.50%
70,871,,DJ FABULOUS@realdjfabulous,Morocco,"Music
DJ
Producers",74.6K,3.00%
71,872,,ğŸ‘» |  Snapchat : hamza.enor  ğŸ˜‚@hamza.enor,Morocco,"Lifestyle
Fashion
Sports
Celebrities
Design
Technology",74.5K,1.00%
72,873,,Anas Essamlali@anasessamlali,Morocco,"Photography
Modeling",74.4K,0.30%
73,874,,Caprices de lili@caprices_de_lili,Morocco,"Lifestyle
Sports
Fashion",74.3K,0%
74,875,,YoutuberğŸ“½ InfluencerğŸ˜ ActriceğŸ­@khawlatayab,Morocco,Art,74.3K,4.30%
75,876,,Express Aversa Store@expressaversa,Morocco,"Fashion
Styling",74.1K,0%
76,877,,Mr.Falouja@mr.falouja,Morocco,,73.6K,0.50%
77,878,,DJ HARONE SynthÃ©@djharone_synthe,Morocco,"Music
DJ",73.4K,0.60%
78,879,,Bilal Daifi@bilaldaifi,Morocco,Modeling,73.4K,6.70%
79,880,,Najwa@najwajamaloukii,Morocco,"Art
Styling
Beauty",73.3K,0%
80,881,,Wydad Win's05 CasaBlanca [âœ–ğŸ”´âœ–]@wydadwins05_casablanca,Morocco,,72.9K,1.10%
81,882,,Hind Koula fashion designer@hindkoulaofficiel,Morocco,"Fashion
Fashion Design",72.7K,1.40%
82,883,,Jalila ChoukaÃ¯li@jc.couture,Morocco,"Fashion
Lifestyle
Fashion Design",72.4K,0.60%
83,884,,Mohamed Nouinou@nouinou_sport,Morocco,,72.3K,1.80%
84,885,,RED SUPA@redsupa,Morocco,"Music
Singer",72.1K,0.60%
85,886,,Loubna Cherkaoui Official@loubna.singer,Morocco,Fashion,72K,0.50%
86,887,,Couple | Mr&Mrs Bennani@fattouma_soufiane,Morocco,"Fashion
Modeling",71.7K,10.50%
87,888,,afechkoubrahim@afechkoubrahim,Morocco,,71.5K,0.60%
88,889,,kawtar___Elyakoti@kawtar___elyakoti2001,Morocco,"Music
Modeling",71.3K,0.30%
89,890,,LACAGE Ù„Ø§ÙƒØ§Ø¬@lacage.ma,Morocco,,71.3K,2.70%
90,891,,ğŸ‘‘ÙØ§Ø·Ù…Ø© Ø§Ù„Ø²Ù‡Ø±Ø§Ø¡ğŸ‘‘@fa_tii_xa_,Morocco,Moms,71.3K,0%
91,892,,SALMA  EL YOUBI âœ¨ğŸŒˆ@elyuubi,Morocco,,71.1K,0%
92,893,,Your Setisfaction Is The Main@geraiflanel,Morocco,Fashion,71.1K,0%
93,894,,LE MEILLEUR DU MAROC ICIğŸ‡²ğŸ‡¦@royaume_des_marocaines,Morocco,,71K,2.60%
94,895,,ğ•Šğ•ƒğŸ™ğŸ ||Ù‡Ù€Ø¨Ù€Ù€Ø©ï·² Û› Ö¼ï·»@saadlamjarred15,Morocco,"Video Games
Actors
Singer",71K,0%
95,896,,MAJDUBI ğŸ¥€@medmajdubi,Morocco,"Fashion
Lifestyle
Beauty",70.9K,3.50%
96,897,,âœŒ@tantanloto633,Morocco,,70.9K,0.10%
97,898,,Prestige Hijab@prestige_hijab,Morocco,"Fashion
Lifestyle",70.9K,0.20%
98,899,,AÃ¯da Bchms ğŸ’@aida.benchemsi,Morocco,"Fashion
Travel
Lifestyle",70.8K,6.10%
99,900,,ğŸ‘‘oumaimağŸ‘¸maatallağŸ‘‘@oumaima_maatalla,Morocco,"Fashion
Gym
Modeling",70.6K,1.00%
0,901,,maroc_maroc212ğŸ‡²ğŸ‡¦@maroc_maroc212,Morocco,"Travel
Photography",70.5K,0.70%
1,902,,hanane ouali alami@hijabhanona,Morocco,Fashion,70.4K,0%
2,903,,Caftan Chez Hind@caftanchezhind,Morocco,Fashion,70.3K,1.00%
3,904,,Ø§Ù„Ù€ÙˆØ¯Ø§Ø¯ Ø§Ù„Ø£Ù…Ù€Ø© WYDAD@wydad_casablanca_officiel,Morocco,"Fashion
Gym
Modeling",70.1K,0.02%
4,905,,MUA Kamilia EddaoudiğŸ’„ğŸ‘‘@makeupbykamilia,Morocco,"Art
Beauty
Business",70.1K,0.20%
5,906,,ğŸŒŸshaimae kt ğŸŒŸ@shaimaa_saide,Morocco,"Fashion
Beauty
Lifestyle",70K,0.60%
6,907,,Ù…ÙˆÙ†ÙŠØ§ Ø³Ù…Ù„Ø§Ù„ÙŠ@mounia.semlali,Morocco,Actors,69.7K,1.70%
7,908,,ğŸ’•Moda Burada BaÅŸlarğŸ’•@modatwist,Morocco,,69.5K,0%
8,909,,F A S H I O N â™¡ Blogger@roudy.barbie,Morocco,"Fashion
Modeling
Lifestyle",69K,1.10%
9,910,,Mesgourmandises tastyğŸ½@hindberrada1,Morocco,Food,68.9K,0.10%
10,911,,Mohcine Harisse@mohcineaoki,Morocco,"Fashion
Lifestyle
Celebrities
Design",68.9K,4.90%
11,912,,F a s h i o n    L u x O n e@fashionluxone,Morocco,"Fashion
Lifestyle
Food & Drink
Hair & Beauty
Travel",68.9K,1.10%
12,913,,Youssefï¸ï¸ï¸ï¸ï¸ï¸ï¸ï¸ï¸ GhanamğŸŒ€@ussefghanam,Morocco,"Travel
Photography",68.5K,0%
13,914,,Allure Studio@allurestudiobeaute,Morocco,"Beauty
Art",68.2K,0.20%
14,915,,HamzaElyemlahi | Ø­Ù…Ø²Ø© Ø§Ù„ÙŠÙ…Ù„Ø§Ø­ÙŠ@hamzaelyemlahi,Morocco,"Modeling
Photography
Fashion
Technology
Celebrities",67.8K,0.90%
15,916,,KOUNOUZ@kounouz.officiel,Morocco,"Lifestyle
Fashion",67.7K,0.10%
16,917,,TEAM BENATIA@team_benatia,Morocco,"Events
Soccer",67.7K,2.10%
17,918,,BLVCKADDICTED@blvckaddicted,Morocco,"Fashion
Lifestyle
Celebrities
Design",67.5K,1.90%
18,919,,Nour Bela a@dat.nour.bela,Morocco,,67.4K,0.60%
19,920,,Abdessamad Vlogs@abdessamad_vlogs,Morocco,"Fashion
Modeling
Lifestyle",67.3K,1.10%
20,921,,zyad frindi@zyad_frindi,Morocco,,67.2K,0.10%
21,922,,Kawthar Benchaffi1@kawtar_benchaffi,Morocco,"Singer
Music",66.9K,1.10%
22,923,,@edd_issam,Morocco,"Fashion
Gym
Modeling
Game
Technology
Travel
Photography
Nature & Outdoors
Kids & Parenting
Humor
Food & Drink
Health & Fitness
Hair & Beauty
Gardening
Film, Music & Books
Education
DIY & Crafts
Design
Celebrities
Cars & Motorcycles
Art
Architecture
Animals & Pets
Cooking",66.9K,0%
23,924,,Mouns_f@mouns_f,Morocco,"Moms
Fashion
Travel",66.8K,1.30%
24,925,,Maroua ES-SAID ğŸŒ¸@maroua.essaid,Morocco,"Fashion
Lifestyle
Modeling",66.7K,4.20%
25,926,,Ø­Ù†Ø§Ù† || âµƒâ´°âµâ´°âµâ´» ğŸ’œ@soussiyaaa,Morocco,,66.6K,2.60%
26,927,,Yassine Benmoussa@yasliv_official,Morocco,"Music
Singer
Songwriting",66.6K,0.20%
27,928,,sandyy@gigisandyyy,Morocco,"Fashion
Lifestyle
Beauty",66.6K,0.50%
28,929,,ibtissam_bakkali@ibtissam_bakkali,Morocco,"Fitness
Gym
Coaching",66.5K,2.20%
29,930,,FiihaKhiir ÙÙŠÙ‡Ø§ Ø®ÙŠØ± âœŒ@fiihakhiir,Morocco,,66.3K,0.30%
30,931,,Fatimazahra houssni.officialâ“‚ï¸@fatimazahrahoussni.official,Morocco,,66.3K,0%
31,932,,Blogger/Influencer@ayoub_elhouate,Morocco,"Technology
Photography
Celebrities",66.2K,0.02%
32,933,,â €â €â €â €â €â €â €â €â €â €â €Mrs. Neylelujah ğŸ€@mrs.neylelujah,Morocco,"Architecture
Hair & Beauty
Fashion",66.2K,0.00%
33,934,,Narjisse Meziani ğŸ¤ğŸµ@narjisse_meziani,Morocco,"Fashion
Lifestyle
Modeling",66.2K,2.20%
34,935,,Fatima ezzahra@fit_kaissi25,Morocco,"Actors
Fitness
Coaching
Training",66K,0.80%
35,936,,Osman GÃ¼rkan@osmn.gurkan2,Morocco,"Fitness
Coaching
Training",66K,0.10%
36,937,,A M I R A  ÎµÃ¯Ğ· R E G R A G U I@amira_regragui,Morocco,"Fashion
Art
Modeling",65.9K,2.40%
37,938,,Ziana Zahia@zianazahia,Morocco,"Beauty
Art
Fashion",65.9K,1.60%
38,939,,ğŸ‘‘ Bushra ğŸ‘‘@el_bushra,Morocco,"Cooking
Design
DIY & Crafts
Film
Music & Books
Hair & Beauty
Health & Fitness
Food & Drink
Photography
Travel
Technology
Fashion",65.9K,0.70%
39,940,,Ayoub El Khaliqi@ayoubelkhaliqi,Morocco,Soccer,65.8K,4.30%
40,941,,|| muhamad Louay ğŸŒ¸ Ù…Ø­Ù…Ø¯ Ù„Ø¤ÙŠ ||@cuteboy.luay,Morocco,"Modeling
Art
Actors",65.7K,1.70%
41,942,,ğŸ”˜Ø­Ø§Ù„Ù Ø­ØªÙ‰ Ù†Ø¯ÙŠÙ‡Ø§ Ø±Ø¬Ø§ÙˆÙŠØ©ğŸ”˜ğŸ‚09/11ğŸ‚@j.a_w_a.d,Morocco,"Fashion
Modeling
Lifestyle
Celebrities
Hair & Beauty",65.6K,11.80%
42,943,,ğŸ‡©ğŸ‡®   ğŸ‡³ ğŸ‡¦ ğŸ‡¹ ğŸ‡¦ ğŸ‡±ğŸ‡ª âœŒ@abdelaziz_el_moubarki,Morocco,"Photography
Travel",65.6K,3.30%
43,944,,Caftan-Haute Couture-Designer@hanane_bennani_styliste,Morocco,"Celebrities
Animals & Pets
Technology",65.4K,0.10%
44,945,,oliviağŸ¨@olivia_pepette,Morocco,Celebrities,65.1K,0.01%
45,946,,Aya el azhari ğŸ‡²ğŸ‡¦ğŸ‡ªğŸ‡¸@ayael_azhari,Morocco,Modeling,64.9K,2.00%
46,947,,Le Mobilier.ma@lemobilier.ma,Morocco,"Lifestyle
Fashion
Design",64.3K,0%
47,948,,Toufik Filali ğŸŒ¹@toufik_filali,Morocco,"Fashion
Lifestyle
Modeling",64.2K,2.20%
48,949,,Ahmed El Gharbi@ahmed_el_gharbi,Morocco,,64.2K,0%
49,950,,Nasma Raji@nasma.raji,Morocco,"Beauty
Art
Fashion",63.8K,3.20%
50,951,,â €â €â €â €â €â €â €â €â €   â €â €         Ø£Ù†Ù€Ù€Ø³@anaslakroum,Morocco,Modeling,63.8K,0%
51,952,,MO TEMSAMANI ğŸ’½11/01 #POBRECITA@mo.temsamani_official,Morocco,"Singer
Music
Modeling
Celebrities
Film, Music & Books
Art",63.6K,0.01%
52,953,,[joker]ğŸ‡¯'ğŸ‡´'ğŸ‡°'ğŸ‡ª'ğŸ‡¸@joker.maroc,Morocco,,63.6K,0%
53,954,,Mohammed rifai@mohamederifai,Morocco,,63.5K,0.30%
54,955,,ğŸ”¥Khalid ElbahriğŸ”¥@elbahri_khalid,Morocco,"Fashion
Streetwear
Lifestyle",63.5K,1.90%
55,956,,Yasmine Zemmama@yasminezemmama,Morocco,"Lifestyle
Fashion
Beauty",63.4K,2.00%
56,957,,Omar SALVADOR@salvador.offic,Morocco,"Modeling
Fashion
Actors",63.3K,2.40%
57,958,,ğŸ€ ×¡×‘×¨×™× ×” ğŸ€@sabrinajebdi,Morocco,Fashion,63.3K,1.10%
58,959,,Imane El Bardai ğŸ’‘@imaneelbardai,Morocco,"Lifestyle
Fashion",63.2K,0.90%
59,960,,Ahmed Mssassi Photography@cars488,Morocco,"Cars
Luxury",63.2K,4.90%
60,961,,Ø±Ø­Ù„ØªÙÙƒ Ø§Ù„Ù‰ Ø§Ø¹Ù…Ø§Ù‚Ù Ù†ÙØ³Ùƒ@inner.world.guide,Morocco,,63.1K,0.50%
61,962,,Lina Zaoui@zaoui_lina,Morocco,"Lifestyle
Fashion",63K,0%
62,963,,Recette Chirurgicale@recette.chirurgicale,Morocco,"Food
Restaurants
Chef",63K,1.40%
63,964,,Personal Account ğŸ‡²ğŸ‡¦+ğŸ‡ºğŸ‡¸ =â¤@nacirasvlogs,Morocco,"Fitness
Modeling
Coaching",62.9K,2.40%
64,965,,Ø³Ù„ÙŠÙ…Ø§Ù† ÙˆÙ„ÙŠØ¯ Ø§Ù„Ø±ÙˆØ¶Ø§Ù†@sulaiman.plus,Morocco,"Travel
Photography",62.9K,2.20%
65,966,,BoutainağŸ’Œ@biba_channel,Morocco,"Fashion
Lifestyle",62.5K,2.30%
66,967,,QUALIFIED Makeup artist Meryem@makeup_artist_mb,Morocco,"Art
Beauty
Business",62.5K,1.00%
67,968,,oualas officiel ÙˆÙ„Ø§Øµ@oualass,Morocco,"Lifestyle
Fashion
Sports",62.5K,1.30%
68,969,,ğ“¥ğ“ªğ“µğ“®ğ“»ğ“²ğ“¸ ğ“ğ“°ğ“ªğ“½ğ“ª@cornersof_theworld16,Morocco,"Fashion
Travel
Lifestyle",62.3K,3.10%
69,970,,50k ğŸ¥ğŸŒŸâ°H.WÃ£ÄÃ®Ä¯Ä›_ğŸ‘‘_ÅffÄ¯cÃ®Ä™Ä¾ â°ğŸŒŸğŸ¥@wadie_halami,Morocco,,62.3K,2.70%
70,971,,Sweet Honey ğŸ­@_ghitalahlou_,Morocco,"Music
Singer
Modeling",62.3K,9.40%
71,972,,Moroccan Players Football@moroccanplayersfootball,Morocco,Soccer,62.2K,0.50%
72,973,,ğŸ’ INSTA - BLOGGER ğŸ’@hanane.bella.1,Morocco,"Events
Fashion
Lifestyle",62.2K,1.00%
73,974,,Bijouterie Vitchi | or 18kt |@bijouterie_vitchi,Morocco,,61.8K,0.20%
74,975,,Yassin Regad ğŸ‡²ğŸ‡¦ğŸ‡«ğŸ‡·@yassinregad,Morocco,"Modeling
Fashion",61.6K,12.10%
75,976,,Mehdi Moussaid@mehdi.moussaid,Morocco,"Training
Coaching
Fitness",61.4K,1.90%
76,977,,Ignis NaturaÂ®@ignisnatura,Morocco,,61.4K,0.70%
77,978,,BELDI Country Club - Marrakech@beldicountryclub,Morocco,"Fashion
Hotels
Travel",61.4K,0.90%
78,979,,Amine HiJazi || Ø£Ù…ÙŠÙ† Ø­Ø¬Ø§Ø²ÙŠğŸ”ğŸ‘‘@amineworld1,Morocco,"Fashion
Modeling",61.2K,3.90%
79,980,,Arran's Lifestyle@arranslifestyle,Morocco,"Fitness
Bikini
Training",61.1K,2.20%
80,981,,Sara Benhabbari@sarabenhabbari,Morocco,"Fashion
Lifestyle
Travel",61.1K,1.10%
81,982,,Mariamoficiel Ù…Ø§Ø±ÙŠØ§@mariamoficiel,Morocco,,61K,1.10%
82,983,,SNâ™ ï¸@simonasrollah,Morocco,"Lifestyle
Sports
Modeling",60.8K,2.10%
83,984,,Othman Chic Official@othmanchic,Morocco,"Design
Interior Design
Fashion",60.8K,0.80%
84,985,,Pastel-Living.com@pastel_living,Morocco,,60.7K,0.10%
85,986,,Mourad Zaoui@mouradzaoui,Morocco,"Pets
Actors
Modeling",60.6K,3.90%
86,987,,Fazee@fazee.m,Morocco,"Fitness
Soccer
Coaching",60.5K,0%
87,988,,Ø£Ù…ÙŠÙ…Ø© Ø§Ù„Ø¬ÙØ±ÙŠÙˆÙŠ@oumaimajafrioui,Morocco,"Lifestyle
Art
Beauty",60.4K,1.10%
88,989,,Yassine Morabite@yassine.morabite,Morocco,"Art
Modeling
Fashion",60K,4.30%
89,990,,Bruno Silva@wbruno15,Morocco,Soccer,59.8K,3.30%
90,991,,amira_israa_@amira_israa_,Morocco,"Music
Modeling",59.6K,0%
91,992,,Loyal Fan âœ¨â€¢â€¢||ğŸ‡¸ğŸ‡¦âˆğŸ‡²ğŸ‡¦||â€¢â€¢âœ¨@mejolamjarred1,Morocco,,59.5K,0.60%
92,993,,Ahmed Soultan@soultanahmed,Morocco,"Singer
Music
Entertainment",59.4K,2.10%
93,994,,F i N i N i@finini_amine,Morocco,"Fashion
Streetwear
Lifestyle
Celebrities",59.4K,3.20%
94,995,,ğŸ‘»: Bouroudaa@alaabourouda,Morocco,"Travel
Fashion
Adventure",59.3K,2.50%
95,996,,ğŸ…£ğŸ…—â“‚ï¸ğŸ…ğŸ…¡ğŸ…ğŸ…’ğŸ…’ğŸ…ğŸ…ğŸ…–ğŸ…ğŸ…–ğŸ…¢ â–ORIGINALÂ® ğŸ‡²ğŸ‡¦@themoroccangags,Morocco,Events,59.2K,0.30%
96,997,,Say@saymorocco,Morocco,"Lifestyle
Fashion",59.2K,0%
97,998,,Ù…ØºØ±Ø¨ÙŠØ© Ùˆ Ø§ÙØªØ®Ø±@lalat_lbnat,Morocco,,59.2K,1.10%
98,999,,Souf@rssouf,Morocco,Music,59.1K,0%
99,1000,,Morocco Vacations by HaptagÂ®@morocco.vacations,Morocco,"Travel
Photography",59K,0.80%
